Filename,Average,1,2,3,4,5,6,7,8,9,10,11,12,13,14,15,16,17,18,19,20,21,22,23,24,25,26,27,28,29,30,31,32,33,34,35,36,37,38,39,40,41,42,43,44,45,46,47,48,49
1.jpg,3.7142857142857144,1,4,2,5,2,2,9,5,7,4,5,3,5,1,7,7,1,3,5,5,1,1,2,8,9,6,1,5,3,3,4,5,4,5,4,1,2,3,3,2,4,6,3,4,1,3,4,1,1
10.jpg,3.3877551020408165,2,4,3,1,4,4,9,5,3,1,6,2,1,2,1,3,1,2,7,4,1,7,3,6,5,3,4,4,3,2,7,1,1,8,5,3,1,4,2,2,4,6,3,5,1,5,3,1,1
100.jpg,4.530612244897959,7,5,4,4,1,4,9,5,5,5,5,2,2,4,6,2,2,1,5,6,5,9,2,8,6,6,7,5,5,4,1,4,6,4,5,2,2,8,6,2,6,6,4,7,5,8,3,1,1
101.jpg,3.5918367346938775,1,6,3,7,1,4,9,4,4,6,5,1,2,1,2,1,2,2,5,6,3,1,4,2,4,3,4,1,6,4,5,1,6,6,6,1,1,5,3,5,4,6,6,5,5,3,2,1,1
102.jpg,3.326530612244898,2,3,4,3,1,3,9,5,3,1,5,3,4,3,7,7,2,3,3,6,1,1,2,2,5,2,6,7,4,2,3,7,2,3,3,1,1,1,4,1,4,6,6,4,3,1,2,1,1
103.jpg,3.5714285714285716,2,4,8,2,3,6,9,2,5,5,5,2,5,3,5,1,2,5,5,3,1,1,5,5,5,4,4,1,1,1,3,4,3,6,5,3,1,6,2,5,6,6,1,5,4,2,1,1,1
104.jpg,3.163265306122449,3,1,4,6,1,1,9,3,5,2,4,4,1,2,8,1,1,1,4,6,1,1,2,1,5,3,6,5,4,2,1,4,3,4,5,2,1,2,2,2,2,6,6,5,1,2,8,1,1
105.jpg,4.285714285714286,7,4,5,6,2,3,9,5,5,2,3,4,6,5,6,1,5,5,7,4,1,8,5,9,3,7,4,4,2,6,3,6,3,5,3,2,1,6,2,4,6,5,2,5,2,7,3,1,1
106.jpg,4.775510204081633,8,2,8,6,2,4,9,6,5,1,8,7,2,7,8,1,5,1,7,8,8,2,7,1,5,4,4,2,7,5,1,3,7,4,8,2,8,6,5,6,8,5,5,1,5,2,6,1,1
107.jpg,3.7346938775510203,5,7,6,6,4,2,9,5,1,5,5,6,3,2,6,1,2,1,5,5,2,1,6,1,5,6,4,2,3,3,1,5,5,3,7,1,5,5,2,3,4,5,3,5,2,2,4,1,1
108.jpg,3.4489795918367347,5,4,4,4,1,3,9,4,5,5,3,5,1,1,6,1,1,1,3,6,1,1,5,3,5,3,4,2,1,3,1,2,8,6,6,2,2,4,6,2,6,6,7,3,1,3,2,1,1
109.jpg,4.73469387755102,5,6,6,2,4,4,9,6,6,3,7,5,3,9,8,7,5,1,8,8,5,1,1,3,6,6,8,7,6,3,1,6,2,7,6,1,1,7,3,2,6,6,7,7,2,4,4,1,1
11.jpg,3.510204081632653,5,2,3,1,2,5,9,5,5,5,6,6,3,1,4,2,2,3,5,4,1,9,2,2,3,3,6,8,5,3,1,1,1,6,4,2,1,4,1,2,4,5,8,3,3,2,2,1,1
110.jpg,3.4693877551020407,4,4,3,6,1,2,9,6,5,4,7,3,1,1,7,3,2,1,2,5,2,1,4,2,8,3,4,5,3,3,7,2,4,4,4,1,1,2,1,2,4,5,6,6,1,2,5,1,1
111.jpg,3.979591836734694,8,3,4,1,2,2,9,7,5,1,4,3,2,8,8,2,3,2,4,5,2,2,1,1,5,3,4,4,5,3,1,6,3,5,8,1,7,1,5,2,7,6,9,6,5,1,7,1,1
112.jpg,2.9591836734693877,1,1,5,4,4,2,9,4,1,6,5,3,1,3,2,1,2,1,5,5,1,1,2,1,4,2,3,1,1,4,3,1,5,5,7,1,5,2,1,5,3,6,5,2,1,3,3,1,1
113.jpg,3.6530612244897958,8,1,4,2,3,5,9,5,5,1,3,5,1,3,8,1,2,1,3,7,1,1,2,1,6,4,4,8,3,3,1,5,5,4,7,1,7,4,1,2,5,5,7,5,2,2,4,1,1
114.jpg,4.795918367346939,1,8,5,6,3,6,9,7,7,6,7,6,2,7,7,6,1,3,8,6,5,1,4,9,8,6,7,3,6,2,1,8,2,6,4,2,1,6,5,1,5,6,5,7,3,8,1,1,1
115.jpg,3.510204081632653,4,2,2,3,4,5,9,7,3,3,7,2,6,4,6,3,2,2,6,6,1,1,2,4,4,6,3,2,6,2,1,1,6,6,4,1,2,3,3,2,3,5,7,5,1,2,1,1,1
116.jpg,3.673469387755102,7,5,6,6,1,4,9,7,4,2,5,3,2,3,6,1,5,1,5,7,1,1,5,1,4,2,3,1,8,2,1,4,3,3,7,2,4,2,3,4,6,6,4,3,2,1,6,1,1
117.jpg,3.0816326530612246,1,4,5,1,2,3,9,4,1,6,3,5,1,4,6,1,3,1,5,5,1,1,2,1,3,3,1,1,1,3,1,1,4,5,5,2,3,9,3,4,6,6,6,1,1,2,3,1,1
118.jpg,3.4285714285714284,3,1,6,2,6,5,9,6,4,5,2,6,3,6,7,1,3,1,3,6,1,1,1,1,4,3,4,5,1,4,1,3,2,2,8,1,2,2,2,1,5,6,7,4,1,3,6,1,1
119.jpg,2.8979591836734695,2,2,6,4,1,4,9,4,1,1,3,4,1,3,5,1,1,1,3,6,1,2,5,2,4,2,4,2,2,3,1,1,7,4,5,1,1,1,2,2,4,6,6,2,1,3,4,1,1
12.jpg,4.530612244897959,6,3,3,7,4,7,9,8,5,5,6,1,6,2,7,6,1,2,7,7,1,8,4,8,4,6,7,4,9,4,1,3,3,6,6,2,3,6,6,2,4,5,5,4,3,2,2,1,1
120.jpg,3.0408163265306123,4,3,3,1,1,2,9,5,5,3,5,2,2,2,4,1,2,2,3,5,1,1,2,2,6,2,4,5,1,4,3,2,3,7,5,2,2,2,3,2,3,5,4,5,3,3,1,1,1
121.jpg,2.489795918367347,1,2,3,6,2,2,9,4,4,1,3,3,1,2,2,1,1,1,2,5,1,1,2,2,2,2,4,2,1,4,1,3,3,3,4,1,1,1,2,2,1,6,7,1,1,1,6,1,1
122.jpg,3.7142857142857144,3,1,3,2,1,6,9,5,6,1,5,2,3,9,9,4,1,4,2,6,5,1,5,1,6,4,4,2,4,3,1,4,3,1,6,1,6,1,8,1,5,5,6,5,2,1,7,1,1
123.jpg,3.5714285714285716,2,2,5,2,2,2,9,7,6,2,5,3,1,1,7,5,3,2,3,7,1,1,2,2,6,6,6,3,4,5,1,6,1,8,6,1,5,1,2,1,2,6,7,5,1,2,6,1,1
124.jpg,2.5510204081632653,2,3,4,2,4,4,9,3,1,1,2,3,1,1,1,1,1,1,1,5,1,1,3,3,5,1,3,2,2,2,1,2,4,5,5,2,2,1,1,3,2,5,4,5,1,3,4,1,1
125.jpg,4.061224489795919,4,4,4,2,6,3,9,5,2,5,6,5,5,6,5,1,4,2,7,6,1,6,5,1,4,2,3,2,2,3,1,2,7,4,7,2,8,9,3,5,6,6,6,5,1,3,2,1,1
126.jpg,3.2857142857142856,3,2,8,2,3,5,9,3,2,4,5,5,3,3,3,1,3,1,2,5,1,1,5,1,2,3,1,2,3,4,1,4,4,3,4,2,6,3,3,3,3,6,6,5,2,2,7,1,1
127.jpg,3.5918367346938775,6,2,6,5,3,5,9,5,3,5,5,5,1,6,6,5,2,1,6,6,1,1,5,1,5,2,3,2,1,2,1,2,6,3,6,3,1,4,6,4,4,6,5,2,2,2,2,1,1
128.jpg,3.3877551020408165,1,2,8,3,3,2,9,6,3,2,6,4,1,4,6,1,2,1,5,7,1,1,5,1,5,2,3,2,2,4,2,2,6,3,7,1,5,4,2,1,4,6,8,5,1,1,4,1,1
129.jpg,3.4693877551020407,5,3,7,7,7,4,9,4,3,5,2,5,1,3,4,1,2,1,2,6,1,1,3,5,4,7,3,4,2,4,2,1,4,5,6,1,4,1,2,3,6,5,6,1,3,1,2,1,1
13.jpg,3.306122448979592,2,2,4,2,5,4,9,4,5,5,2,2,3,1,1,1,1,2,3,3,1,4,2,3,5,4,6,3,5,8,2,1,1,5,5,1,2,5,2,2,2,6,7,5,2,8,2,1,1
130.jpg,3.6530612244897958,2,3,5,1,3,1,9,5,3,5,5,5,1,4,7,1,6,1,5,4,1,1,5,3,5,6,4,2,4,2,4,1,6,2,6,2,1,3,4,4,3,6,8,5,3,3,7,1,1
131.jpg,4.857142857142857,8,7,2,2,1,6,9,7,6,3,5,3,7,3,8,8,2,7,6,6,1,7,3,6,6,4,7,5,5,4,1,6,6,7,5,1,3,8,8,2,7,5,9,7,4,2,1,1,1
132.jpg,4.387755102040816,9,6,5,6,4,3,9,7,4,6,7,2,6,3,6,2,1,4,6,6,1,1,4,7,6,4,4,6,6,6,6,2,4,5,5,2,1,3,6,4,6,6,5,6,1,2,2,1,1
133.jpg,3.2653061224489797,1,1,5,1,1,2,9,7,2,2,6,3,1,6,8,1,2,1,7,6,3,1,3,1,4,2,4,2,1,3,1,5,2,7,8,2,2,1,2,2,6,6,8,5,1,3,1,1,1
134.jpg,6.653061224489796,9,9,5,9,6,5,3,6,6,6,7,8,6,9,8,5,7,6,6,6,9,1,7,9,6,8,6,5,8,8,7,9,9,1,9,7,9,9,9,5,8,5,9,7,6,7,9,1,1
135.jpg,4.163265306122449,1,4,2,3,1,6,9,8,4,1,5,3,7,8,6,7,2,6,7,7,1,5,3,1,7,4,7,5,8,2,3,4,2,5,3,2,1,5,3,1,5,4,6,7,2,7,2,1,1
136.jpg,4.571428571428571,6,3,7,6,5,5,9,8,4,6,5,5,4,6,8,1,2,3,3,7,8,1,1,1,8,2,6,8,2,6,3,8,7,3,6,2,2,6,6,2,6,6,6,5,3,2,3,1,1
137.jpg,3.9591836734693877,3,2,5,5,2,3,9,8,2,2,5,6,4,6,8,2,2,2,6,6,9,1,3,1,8,4,3,7,4,2,1,2,4,4,6,1,3,4,2,1,6,5,7,5,2,1,8,1,1
138.jpg,4.142857142857143,1,2,5,5,4,4,9,8,4,1,5,4,2,3,8,1,2,1,4,8,7,7,2,1,3,4,7,8,7,2,1,3,8,6,7,1,1,3,8,1,3,6,8,6,1,3,6,1,1
139.jpg,4.489795918367347,5,5,9,1,4,4,9,3,5,6,3,6,6,3,6,1,4,5,2,4,2,1,2,8,5,3,4,5,8,8,3,2,7,4,5,3,2,6,6,4,6,6,4,7,5,4,7,1,1
14.jpg,4.061224489795919,1,4,4,5,1,3,9,6,5,3,6,3,4,7,6,8,2,4,7,5,5,1,4,3,6,2,2,5,6,2,2,5,2,2,4,1,1,5,3,1,6,6,7,7,2,8,6,1,1
140.jpg,2.6530612244897958,3,2,3,2,2,1,9,3,3,2,2,2,1,3,2,1,3,1,4,6,1,1,1,2,5,2,3,2,1,3,1,1,4,4,6,2,3,1,2,3,3,6,7,5,1,1,2,1,1
141.jpg,4.244897959183674,2,6,9,5,6,5,9,4,4,7,6,5,4,3,2,2,3,3,5,6,1,1,6,1,6,4,4,1,8,5,3,1,7,4,6,6,4,8,2,5,6,5,2,5,1,7,1,1,1
142.jpg,3.938775510204082,4,8,7,6,4,3,9,6,2,6,2,2,1,3,4,1,2,3,2,7,3,3,3,3,4,6,4,6,1,5,1,5,6,4,6,2,7,2,6,5,6,6,5,5,2,1,2,1,1
143.jpg,4.63265306122449,9,2,5,7,6,2,9,6,5,3,8,5,1,7,8,1,2,2,5,7,9,1,3,3,6,2,6,3,7,3,2,7,1,6,5,2,7,6,8,2,7,6,9,5,5,1,3,1,1
144.jpg,3.3877551020408165,2,1,2,2,5,3,9,5,4,1,5,5,2,3,6,3,2,3,6,4,1,1,4,1,4,2,5,2,7,2,6,2,6,4,7,1,2,2,6,1,2,5,6,2,3,2,5,1,1
145.jpg,3.6122448979591835,2,3,5,5,4,4,9,5,4,1,2,4,2,6,6,2,1,1,1,7,2,1,3,7,4,2,5,3,2,3,2,2,4,6,6,1,3,5,7,1,5,6,8,5,1,2,5,1,1
146.jpg,3.6122448979591835,1,4,5,4,1,2,9,6,6,4,2,6,3,1,6,2,3,3,2,5,1,1,6,2,6,3,4,2,2,2,1,4,5,5,6,1,1,5,6,2,7,5,8,5,1,2,7,1,1
147.jpg,3.5918367346938775,1,3,3,5,3,4,9,6,2,1,5,5,1,3,9,1,1,1,3,6,6,1,2,1,6,2,8,7,3,3,3,6,5,6,6,1,1,4,2,1,3,6,6,4,1,1,7,1,1
148.jpg,4.26530612244898,1,3,4,3,1,4,9,5,6,2,5,4,6,4,8,6,1,5,5,3,1,7,3,8,7,4,7,2,2,5,1,5,1,5,4,1,3,5,3,3,6,5,8,7,4,6,9,1,1
149.jpg,3.5510204081632653,1,5,3,2,1,1,9,7,5,2,6,4,1,4,9,2,2,3,8,7,3,1,1,2,6,1,3,4,7,3,4,4,4,6,4,1,1,1,3,4,5,6,6,5,1,2,2,1,1
15.jpg,3.4285714285714284,1,2,3,6,2,4,9,3,5,5,6,1,3,3,1,8,1,1,4,4,1,8,4,3,7,1,6,2,6,1,2,1,4,6,2,2,1,5,4,1,2,6,6,6,1,4,2,1,1
150.jpg,3.795918367346939,1,7,6,7,1,2,9,3,4,7,5,3,2,3,5,1,2,1,6,7,1,1,4,2,4,6,6,3,7,2,2,6,3,4,5,1,1,4,6,1,3,6,7,2,5,8,2,1,1
151.jpg,3.1020408163265305,1,1,4,7,1,3,9,5,4,6,4,3,1,2,7,1,2,1,4,6,1,1,1,1,6,6,4,2,6,3,1,1,3,5,6,2,2,1,2,3,2,6,3,5,1,2,2,1,1
152.jpg,4.877551020408164,6,7,7,6,5,5,9,4,4,6,5,2,8,5,6,3,1,8,7,7,1,8,7,4,6,6,5,2,9,8,1,5,3,7,6,3,2,7,4,3,6,5,1,5,3,7,2,1,1
153.jpg,4.428571428571429,7,5,5,2,5,3,9,7,6,2,8,7,2,6,7,1,3,2,9,5,2,1,6,1,6,3,1,6,3,2,3,7,1,4,7,7,1,6,8,2,7,6,9,5,6,2,2,1,1
154.jpg,4.489795918367347,4,6,5,4,7,3,9,3,6,5,6,3,4,1,5,4,3,6,4,5,1,6,5,8,5,4,4,3,3,4,4,5,6,6,7,1,1,5,6,4,7,6,6,6,5,3,4,1,1
155.jpg,4.285714285714286,3,1,6,3,6,6,9,6,4,5,5,3,2,6,6,2,1,2,3,7,3,4,4,7,9,4,6,2,6,3,7,3,6,6,6,3,4,4,2,4,4,6,7,6,1,3,2,1,1
156.jpg,4.918367346938775,9,6,4,6,3,6,9,6,5,2,5,7,8,7,9,3,2,8,7,6,5,1,6,2,7,3,7,3,9,6,1,2,7,6,7,6,1,3,8,6,4,6,5,5,2,2,1,1,1
157.jpg,3.877551020408163,5,6,8,4,6,2,9,4,4,2,5,6,1,4,7,1,5,1,5,6,1,1,4,1,5,3,2,1,1,5,1,2,7,5,6,3,2,8,3,4,7,6,6,3,1,1,8,1,1
158.jpg,4.224489795918367,7,2,1,1,4,5,9,6,7,1,5,5,6,6,8,2,3,3,4,6,7,1,5,1,6,3,4,8,9,7,3,1,6,4,6,2,1,2,6,1,5,6,6,6,2,4,2,1,1
159.jpg,4.346938775510204,7,4,5,5,1,4,9,7,4,5,7,6,1,7,8,1,2,2,4,6,7,1,5,3,6,7,3,2,4,4,1,4,7,1,7,1,3,4,6,3,8,6,9,4,1,1,8,1,1
16.jpg,3.4081632653061225,2,5,4,5,2,3,9,4,5,3,5,3,2,1,3,1,2,4,5,5,1,1,3,2,5,4,4,6,9,3,1,2,5,5,3,1,1,3,5,1,4,5,3,5,1,7,2,1,1
160.jpg,3.4693877551020407,1,1,1,2,1,3,9,5,6,5,7,3,5,6,7,2,2,5,6,5,1,1,2,3,5,9,6,2,1,2,6,3,3,3,4,2,1,6,1,1,2,5,1,5,3,3,5,1,1
161.jpg,4.26530612244898,8,7,7,2,2,3,9,4,5,8,6,4,4,3,7,1,5,3,5,6,1,1,4,4,5,4,3,5,2,4,1,2,8,5,6,1,5,6,2,5,6,6,8,5,4,2,3,1,1
162.jpg,5.979591836734694,1,9,7,7,6,6,9,8,6,6,7,3,6,6,7,7,3,4,9,7,2,9,6,7,6,7,7,8,9,8,1,8,7,7,7,1,4,5,8,6,7,6,5,9,5,7,5,1,1
163.jpg,4.122448979591836,4,4,7,5,1,3,9,7,6,5,7,6,6,7,6,2,3,1,5,4,1,1,1,4,6,4,4,8,3,2,1,2,5,7,4,2,1,1,4,2,7,6,9,9,1,2,5,1,1
164.jpg,4.36734693877551,7,3,6,2,1,2,9,8,5,4,3,5,2,4,7,1,2,2,5,7,1,1,4,9,3,6,8,7,7,4,5,6,4,3,6,1,1,6,3,4,6,6,7,7,2,6,4,1,1
165.jpg,4.877551020408164,6,8,8,5,4,2,9,7,6,7,9,4,4,6,7,1,6,4,7,6,1,5,8,6,5,6,2,5,1,7,1,6,8,2,7,2,3,5,5,5,7,6,5,6,1,2,4,1,1
166.jpg,4.346938775510204,7,3,2,2,6,7,9,8,7,2,5,4,5,7,8,4,2,4,3,5,8,9,1,3,7,3,4,6,3,3,2,2,6,5,5,1,2,6,6,2,7,5,9,2,1,1,2,1,1
167.jpg,4.040816326530612,1,7,8,3,6,4,9,7,5,8,5,4,1,2,5,1,6,1,5,5,1,1,5,1,5,4,3,2,7,7,1,3,7,7,6,1,3,5,3,5,6,5,5,5,1,3,1,1,1
168.jpg,4.1020408163265305,3,6,4,6,5,4,9,7,3,7,5,4,5,3,6,2,4,2,3,6,1,8,3,5,4,3,4,3,1,4,1,6,8,4,3,1,1,7,2,4,7,6,7,6,3,1,2,1,1
169.jpg,4.448979591836735,5,2,7,4,2,3,9,5,2,8,3,2,2,2,6,1,2,4,2,6,5,9,4,7,5,7,6,2,3,5,2,7,1,5,7,1,4,8,2,4,8,6,8,9,6,2,6,1,1
17.jpg,4.857142857142857,6,6,5,5,1,6,9,5,6,5,6,3,2,4,6,2,2,5,8,7,3,8,2,8,5,8,7,7,7,4,6,2,7,6,6,6,1,4,6,3,6,6,3,7,2,6,1,1,1
170.jpg,5.836734693877551,3,7,5,3,7,6,9,8,7,8,7,4,2,6,8,5,5,2,6,7,7,8,4,6,7,6,7,8,9,5,1,8,7,5,5,2,4,8,8,6,7,7,8,8,6,8,4,1,1
171.jpg,3.020408163265306,7,3,4,2,1,4,9,5,3,2,4,2,1,2,5,4,2,4,3,6,1,1,2,6,7,3,1,1,3,3,1,1,3,6,4,4,1,2,2,2,2,5,6,2,1,1,2,1,1
172.jpg,4.938775510204081,8,2,7,9,4,3,9,6,7,4,7,4,5,8,6,3,1,3,8,6,3,2,6,6,6,7,8,5,6,7,3,6,5,5,4,1,4,4,6,4,5,6,6,7,2,2,4,1,1
173.jpg,5.653061224489796,7,2,9,6,6,7,9,9,8,5,9,2,5,9,8,9,3,4,8,7,8,1,3,4,8,3,6,2,5,5,5,8,5,7,5,1,4,6,6,7,6,6,6,7,4,9,6,1,1
174.jpg,6.142857142857143,6,6,5,7,6,7,9,9,7,8,4,3,8,7,8,9,6,7,3,8,9,3,7,8,9,7,7,8,8,8,1,8,7,8,8,1,1,4,7,1,7,5,8,7,3,9,7,1,1
175.jpg,5.183673469387755,7,7,9,8,3,4,9,8,6,4,8,6,2,4,8,2,6,2,6,8,2,1,3,7,6,6,6,7,8,4,1,7,5,7,7,1,5,7,4,2,7,6,8,8,6,2,2,1,1
176.jpg,4.8979591836734695,6,3,4,2,7,1,9,7,5,3,7,7,1,4,8,2,5,1,7,7,5,7,3,6,7,6,8,8,8,2,1,8,4,6,6,1,2,8,7,2,6,6,6,6,2,6,5,1,1
177.jpg,5.795918367346939,7,8,8,3,6,8,9,8,8,6,7,6,6,8,8,8,3,6,7,7,7,4,1,3,8,7,8,7,8,4,1,9,5,5,7,1,2,7,8,6,7,6,7,9,1,3,4,1,1
178.jpg,6.612244897959184,9,8,8,6,7,7,9,8,9,6,3,6,9,8,9,6,5,8,4,8,8,9,3,8,7,6,7,7,7,8,1,7,7,5,7,7,1,9,8,7,8,6,9,7,5,8,7,1,1
179.jpg,5.938775510204081,8,6,6,9,3,6,9,8,8,6,8,6,3,9,8,8,3,5,7,8,7,9,4,5,8,7,7,6,4,4,2,8,8,5,4,1,1,6,7,6,8,6,6,6,4,7,9,1,1
18.jpg,3.4489795918367347,2,4,3,4,4,3,9,6,4,4,7,1,2,2,5,6,1,4,6,6,4,1,3,1,7,4,3,1,3,3,3,2,4,6,3,1,1,5,1,3,4,5,2,5,1,1,7,1,1
180.jpg,6.040816326530612,9,6,8,9,7,6,9,9,9,7,7,7,7,8,8,7,4,6,8,7,6,1,5,4,8,6,4,7,9,6,2,7,9,4,7,1,3,8,7,6,6,7,8,5,3,3,4,1,1
181.jpg,5.775510204081633,8,6,6,3,4,7,9,9,8,6,7,3,4,8,8,7,3,3,8,8,8,7,3,5,9,7,7,7,9,3,2,6,7,9,7,1,1,8,8,6,6,5,8,5,5,2,5,1,1
182.jpg,5.714285714285714,8,3,9,7,6,6,9,6,7,7,5,6,7,7,3,3,4,5,6,7,6,8,2,9,6,8,6,6,9,6,1,7,8,7,6,3,1,8,7,4,7,6,6,2,5,7,6,1,1
183.jpg,5.36734693877551,9,7,4,1,3,4,9,8,6,5,7,5,5,9,9,8,2,2,6,8,7,6,3,2,9,4,7,8,6,6,1,9,2,8,6,1,1,6,7,2,7,6,8,7,5,1,9,1,1
184.jpg,6.163265306122449,9,6,9,2,6,6,9,8,8,7,5,7,8,7,9,4,5,9,2,7,9,1,4,8,6,8,4,9,8,7,2,8,6,4,7,5,5,7,8,7,8,6,7,7,8,5,3,1,1
185.jpg,6.755102040816326,8,9,6,6,8,9,9,9,8,8,8,3,9,6,9,9,6,8,7,8,9,8,4,9,8,9,7,8,8,7,3,8,6,4,9,8,1,3,9,2,9,6,5,7,4,6,9,1,1
186.jpg,5.469387755102041,6,7,7,7,7,5,9,5,2,6,5,7,6,8,6,1,3,4,2,6,7,2,6,6,5,9,3,7,6,8,3,8,8,2,7,2,5,8,6,4,7,6,8,5,3,8,8,1,1
187.jpg,3.5714285714285716,2,3,4,1,3,4,9,4,5,2,7,3,6,4,8,4,1,2,4,6,1,1,3,4,6,3,4,2,2,3,1,8,1,3,4,1,5,5,2,3,5,6,6,5,1,3,3,1,1
188.jpg,6.1020408163265305,8,9,8,3,6,6,9,9,6,7,8,7,6,8,5,1,7,7,7,7,9,1,7,4,5,8,7,9,9,8,1,6,6,5,9,2,8,7,8,2,8,6,9,5,3,2,9,1,1
189.jpg,3.979591836734694,6,6,5,6,6,4,9,5,3,5,6,7,5,3,7,1,3,1,6,5,1,1,5,1,4,2,3,2,6,2,2,6,7,3,7,2,1,7,2,4,6,6,5,1,1,2,5,1,1
19.jpg,3.3469387755102042,1,3,4,1,3,3,9,6,4,2,7,2,3,2,7,1,2,3,5,6,1,1,4,2,4,4,4,8,3,1,2,2,4,5,5,2,1,1,2,2,5,5,6,7,1,4,2,1,1
190.jpg,4.122448979591836,1,1,1,4,4,2,9,6,7,6,8,4,3,2,4,8,2,3,8,6,1,8,3,4,4,4,6,4,6,3,2,5,1,4,6,1,1,7,8,1,4,5,5,7,2,8,1,1,1
191.jpg,4.183673469387755,4,5,5,2,2,2,9,4,5,1,5,7,1,4,8,5,4,4,6,5,1,1,6,1,5,6,6,2,6,6,2,5,4,5,8,1,5,3,8,2,6,6,8,5,1,2,4,1,1
192.jpg,6.122448979591836,8,9,9,8,9,4,9,7,8,5,5,7,6,8,7,4,4,6,5,7,8,6,5,9,5,8,4,8,9,7,3,2,8,3,8,5,3,7,9,7,8,5,9,7,3,2,5,1,1
193.jpg,6.959183673469388,9,9,8,8,6,6,9,7,7,6,9,7,8,8,6,6,6,8,8,6,8,9,5,9,8,9,6,7,9,9,4,7,9,3,6,8,3,7,8,8,8,6,9,5,5,9,8,1,1
194.jpg,3.3877551020408165,4,1,5,6,4,1,9,5,2,2,5,6,2,3,7,1,2,1,3,6,1,1,5,1,4,3,3,2,1,3,1,2,6,3,5,2,3,3,4,1,5,5,8,6,1,2,8,1,1
195.jpg,5.142857142857143,1,7,6,1,1,6,9,3,6,7,7,2,2,2,5,4,3,2,7,7,2,9,5,9,7,8,6,4,9,8,2,6,7,7,6,1,1,8,7,5,6,6,9,9,4,9,2,1,1
196.jpg,4.877551020408164,8,2,4,3,6,6,3,8,8,2,6,5,7,8,9,7,4,6,4,6,9,1,5,2,5,6,7,2,5,1,2,7,2,5,5,1,8,1,9,4,8,5,9,5,1,1,9,1,1
197.jpg,6.408163265306122,4,9,8,6,3,6,9,9,8,5,8,6,9,9,9,6,6,9,8,6,6,8,4,7,9,7,6,7,3,6,5,8,7,4,7,7,1,5,8,7,7,6,6,9,5,7,7,1,1
198.jpg,5.408163265306122,9,7,4,6,3,3,9,8,6,6,8,6,5,2,7,5,5,8,7,6,1,8,3,7,6,6,7,5,5,8,7,2,5,4,5,3,1,8,8,2,7,6,8,7,2,8,4,1,1
199.jpg,5.244897959183674,1,8,5,4,6,7,9,8,5,6,7,2,3,7,8,2,2,3,7,7,6,6,2,5,5,8,6,8,2,7,2,5,8,6,6,2,4,6,8,4,7,6,8,6,2,8,5,1,1
2.jpg,4.938775510204081,7,4,7,9,4,3,9,7,4,5,4,6,3,8,9,7,3,3,4,6,5,5,3,4,6,2,6,5,4,3,2,5,8,3,6,2,6,4,7,1,6,6,8,9,2,6,4,1,1
20.jpg,2.857142857142857,1,2,3,1,1,2,9,4,5,3,1,2,2,1,2,5,1,2,1,3,1,7,2,8,3,1,6,2,1,7,1,1,1,5,4,1,1,1,3,1,2,5,9,5,2,3,4,1,1
200.jpg,4.775510204081633,8,5,6,6,6,3,9,7,5,2,8,6,6,6,8,2,5,4,7,6,1,3,6,4,6,3,3,3,6,5,4,6,6,7,5,2,8,6,6,2,4,5,2,5,4,2,3,1,1
201.jpg,3.816326530612245,9,1,3,4,1,2,9,6,5,4,5,1,2,2,8,4,2,2,6,6,2,1,1,2,6,6,4,8,7,6,2,2,3,6,6,1,2,3,2,1,5,6,7,6,5,1,2,1,1
202.jpg,3.938775510204082,5,4,4,2,2,2,9,6,4,6,6,5,1,6,7,1,3,2,6,7,1,1,5,1,5,4,6,2,4,3,1,3,7,6,7,1,6,3,2,2,5,6,8,4,2,2,6,1,1
203.jpg,4.938775510204081,1,7,5,5,6,7,9,7,6,4,6,3,1,6,9,9,2,1,6,8,2,9,4,2,8,4,8,8,6,4,3,3,3,8,7,1,4,5,7,1,4,5,7,8,1,5,5,1,1
204.jpg,4.469387755102041,5,3,8,4,6,2,9,8,5,1,4,3,6,2,8,7,2,3,6,7,5,1,4,2,7,7,4,5,8,7,1,2,4,4,5,1,1,6,6,3,7,6,5,5,6,2,4,1,1
205.jpg,5.081632653061225,8,6,8,9,7,4,9,6,6,5,2,7,6,6,3,1,7,4,3,6,5,1,4,2,4,6,4,4,8,6,2,6,9,6,7,2,3,7,6,7,6,6,7,5,3,4,4,1,1
206.jpg,4.530612244897959,6,3,6,5,3,2,9,9,3,3,5,5,1,6,9,1,2,1,4,8,8,1,3,1,8,3,6,8,8,4,1,2,6,7,8,1,5,6,1,2,6,6,8,5,6,1,8,1,1
207.jpg,2.938775510204082,2,1,6,4,2,2,9,4,1,1,4,5,1,3,7,1,1,1,3,6,1,1,7,1,6,1,2,2,1,2,1,1,6,2,6,1,3,1,1,5,5,6,5,1,1,2,7,1,1
208.jpg,3.7142857142857144,1,3,3,5,6,2,9,6,4,6,7,6,1,6,7,1,3,1,5,7,1,1,2,1,6,2,1,2,4,3,1,1,6,5,8,2,3,3,2,5,6,5,8,1,3,2,7,1,1
209.jpg,3.7142857142857144,4,2,6,3,5,3,9,4,5,2,2,6,2,4,6,1,6,2,2,5,1,2,5,2,5,3,4,4,1,5,1,6,4,5,7,3,3,3,4,4,6,6,6,2,1,2,6,1,1
21.jpg,3.5918367346938775,1,2,4,4,1,3,9,5,4,5,7,2,4,1,1,1,1,6,6,4,1,9,1,9,7,2,4,1,2,3,1,5,1,6,4,2,2,1,5,1,4,6,8,7,1,7,3,1,1
210.jpg,4.183673469387755,6,1,4,3,2,3,9,7,6,2,5,4,7,3,9,7,1,6,6,6,2,1,2,2,7,3,1,2,8,3,2,5,2,6,6,1,6,1,8,2,7,5,9,5,1,3,6,1,1
211.jpg,2.877551020408163,1,1,4,5,1,1,9,5,3,2,4,5,1,4,7,1,1,1,3,6,1,1,3,1,5,2,1,1,1,3,1,2,3,5,7,1,2,1,1,1,4,6,8,1,3,2,7,1,1
212.jpg,2.63265306122449,1,3,5,3,1,2,9,5,2,2,4,1,1,2,7,1,1,1,2,7,1,1,2,1,3,2,1,1,1,4,2,4,5,5,5,1,1,3,1,2,2,6,6,1,1,2,3,1,1
213.jpg,5.224489795918367,1,7,4,5,8,6,9,9,5,5,6,2,3,2,7,2,2,6,8,6,5,9,3,8,8,6,8,6,9,6,7,5,8,5,4,3,1,5,6,2,6,6,6,6,1,5,7,1,1
214.jpg,3.4285714285714284,1,3,3,3,2,3,9,5,3,5,5,6,1,4,8,1,5,1,5,6,1,2,2,2,5,2,4,2,1,4,1,3,6,4,5,1,1,3,4,3,5,6,7,3,2,2,6,1,1
215.jpg,4.387755102040816,6,7,7,5,6,4,9,6,5,4,7,6,2,4,8,1,5,1,5,5,1,1,4,1,5,7,4,4,7,5,1,2,7,4,7,2,1,3,6,2,7,6,6,5,2,3,7,1,1
216.jpg,5.653061224489796,1,6,8,7,7,4,9,8,7,5,7,2,3,9,9,8,3,2,6,7,8,9,4,6,7,6,7,7,8,5,4,7,8,6,6,1,2,6,7,3,7,6,6,7,6,4,4,1,1
217.jpg,6.142857142857143,9,8,9,2,7,7,9,8,4,1,6,7,7,8,8,5,6,5,7,7,9,5,5,6,4,7,7,8,9,7,4,2,9,4,8,6,7,6,9,6,7,6,4,6,3,7,8,1,1
218.jpg,4.938775510204081,5,8,7,5,2,7,9,7,5,2,4,3,3,6,5,6,2,3,3,7,4,9,3,5,8,2,7,6,5,6,5,7,5,8,5,7,1,4,6,3,6,6,6,5,3,5,4,1,1
219.jpg,6.775510204081633,7,8,8,7,9,7,9,7,8,7,4,7,9,8,8,9,2,9,5,6,9,8,6,9,8,9,6,8,8,8,2,8,5,3,7,6,6,6,9,7,8,5,4,9,5,9,8,1,1
22.jpg,4.408163265306122,6,8,2,7,1,7,9,7,6,4,7,2,3,2,7,5,1,2,3,6,2,9,5,5,6,4,8,7,3,3,1,2,5,5,5,1,3,5,3,2,5,5,7,5,4,5,4,1,1
220.jpg,7.653061224489796,8,9,8,8,9,9,9,8,9,9,7,7,8,9,8,9,6,9,9,7,9,9,8,9,9,8,8,9,9,8,4,8,9,6,8,8,1,8,8,8,8,7,7,9,5,9,9,1,1
221.jpg,5.3061224489795915,2,8,4,4,3,6,9,7,6,6,9,6,3,4,9,2,4,2,8,5,3,8,5,9,6,7,3,7,7,6,3,6,4,9,5,3,1,6,5,6,6,6,8,7,3,7,5,1,1
222.jpg,6.6938775510204085,8,9,8,6,6,7,9,8,8,8,6,6,8,8,8,7,6,8,7,6,4,9,7,8,4,8,6,9,9,7,7,8,9,8,5,7,2,9,7,4,8,6,6,9,3,7,3,1,1
223.jpg,6.6938775510204085,9,8,5,6,4,8,9,8,8,8,9,6,7,9,9,7,3,6,8,8,8,9,5,9,9,8,8,8,9,8,5,8,7,7,5,2,5,9,3,7,7,6,3,9,6,9,2,1,1
224.jpg,6.6938775510204085,8,9,7,3,7,7,9,7,8,9,7,5,7,8,9,9,6,7,8,7,8,9,6,9,7,8,8,9,9,7,6,8,7,4,6,1,2,8,7,4,9,6,8,9,3,9,2,1,1
225.jpg,3.938775510204082,6,1,5,5,2,2,9,5,5,3,6,5,4,4,2,1,1,2,5,4,1,3,5,6,4,3,3,2,2,4,1,5,7,5,7,3,4,3,5,4,6,5,9,5,2,4,6,1,1
226.jpg,4.653061224489796,5,6,8,3,7,1,9,6,4,6,6,6,3,4,8,8,3,1,6,6,2,1,3,2,5,7,4,3,1,6,4,5,7,3,8,1,7,6,6,6,6,6,8,5,2,2,4,1,1
227.jpg,6.489795918367347,9,7,5,8,8,8,9,8,7,5,8,4,8,6,8,7,2,6,7,8,6,9,3,9,7,8,7,9,9,7,7,9,8,8,6,1,2,6,6,7,7,6,5,9,5,7,5,1,1
228.jpg,6.326530612244898,9,7,9,6,8,5,9,5,6,8,6,7,8,6,6,2,7,7,7,6,7,1,8,8,5,7,6,6,9,8,2,7,9,4,7,4,6,9,6,6,9,7,7,6,4,7,9,1,1
229.jpg,4.489795918367347,6,6,8,6,7,2,9,5,3,6,6,5,2,4,7,2,6,2,6,5,1,1,2,7,6,6,3,3,8,6,1,1,9,4,7,2,2,6,5,5,4,6,7,5,1,2,5,1,1
23.jpg,4.040816326530612,1,5,2,2,1,1,9,5,5,8,7,2,5,3,2,5,2,3,7,3,1,9,5,5,2,6,5,1,6,7,1,3,9,6,2,1,1,5,2,5,6,6,3,8,3,8,2,1,1
230.jpg,4.204081632653061,5,3,5,3,4,7,9,4,5,5,5,3,1,6,8,1,2,3,6,7,1,9,5,4,6,6,3,7,5,3,1,2,5,3,5,2,1,7,2,3,4,6,5,5,4,3,5,1,1
231.jpg,4.346938775510204,7,6,5,6,3,2,9,4,4,5,6,5,3,4,6,1,2,2,5,6,4,1,6,2,4,4,1,7,3,3,2,8,4,3,7,1,4,7,2,5,7,6,8,5,6,8,2,1,1
232.jpg,4.142857142857143,6,4,4,5,4,3,9,7,4,6,6,6,2,4,6,1,3,3,6,4,1,1,4,6,6,8,1,2,3,5,5,2,8,2,6,1,2,3,3,5,6,6,7,2,2,6,5,1,1
233.jpg,5.408163265306122,9,7,6,6,6,3,9,7,8,6,5,7,6,7,3,6,3,8,7,6,5,8,4,8,6,7,1,8,5,8,1,7,4,3,7,4,4,6,3,3,7,6,8,7,3,3,2,1,1
234.jpg,4.26530612244898,1,6,6,3,4,2,9,4,3,8,6,6,2,3,3,1,6,2,5,6,1,1,5,3,4,6,4,2,7,6,3,2,8,3,8,2,4,5,5,3,7,5,5,6,5,8,3,1,1
235.jpg,3.0,1,4,3,2,5,3,9,6,1,1,5,4,1,2,8,1,2,1,6,5,1,1,2,2,3,2,1,2,2,3,1,2,6,3,6,2,1,3,3,2,6,6,6,2,1,2,4,1,1
236.jpg,4.428571428571429,8,6,5,1,6,3,9,6,3,4,5,5,2,3,3,1,2,3,6,6,2,5,5,8,4,8,4,2,9,5,5,3,3,4,7,1,4,8,2,4,6,6,6,5,3,3,6,1,1
237.jpg,4.755102040816326,4,8,6,2,1,4,9,7,6,5,5,3,6,3,7,9,1,6,4,7,1,8,2,9,5,7,1,8,8,6,1,8,6,3,3,1,1,8,6,1,8,5,4,6,1,6,5,1,1
238.jpg,4.428571428571429,3,9,4,1,3,4,9,5,7,6,9,2,4,4,6,6,2,3,8,5,1,7,2,9,8,4,7,1,6,2,1,4,3,8,4,1,1,6,6,3,6,5,5,9,2,3,1,1,1
239.jpg,3.938775510204082,1,5,6,2,4,5,1,5,5,6,8,2,5,6,2,2,2,4,9,5,1,8,4,8,6,7,6,2,5,2,1,1,1,8,3,1,1,9,3,1,6,6,3,5,5,2,1,1,1
24.jpg,3.7346938775510203,3,5,3,2,4,2,9,5,7,1,4,4,2,9,3,1,2,3,5,4,2,8,5,3,6,7,6,2,4,3,2,2,3,1,2,1,1,2,3,5,6,5,8,5,3,3,5,1,1
240.jpg,6.163265306122449,8,8,5,9,4,6,9,9,9,7,9,6,8,9,8,8,6,8,8,7,5,9,6,8,7,5,6,8,6,2,1,7,2,6,7,1,1,8,4,7,8,6,7,9,3,8,2,1,1
25.jpg,3.204081632653061,5,1,7,4,2,2,9,4,6,1,3,6,1,2,7,4,1,1,1,5,1,1,1,2,6,4,4,2,4,4,1,1,3,5,5,1,3,4,6,3,4,6,3,2,1,4,2,1,1
26.jpg,2.836734693877551,1,2,5,2,5,2,9,3,2,5,4,1,1,1,1,1,1,1,3,4,1,1,4,3,5,7,1,1,1,1,2,5,1,5,3,1,1,5,4,5,6,4,5,5,3,2,1,1,1
27.jpg,2.938775510204082,1,4,5,3,5,2,9,3,4,4,4,5,5,1,1,1,1,1,2,4,1,1,2,1,6,4,1,1,1,3,1,5,6,5,4,1,1,3,2,3,5,4,2,5,2,5,2,1,1
28.jpg,3.0,1,3,8,4,2,3,9,4,4,4,3,4,1,2,7,1,2,1,2,6,1,1,4,1,5,3,1,2,2,4,1,2,2,5,6,2,2,1,2,3,5,5,6,3,1,2,2,1,1
29.jpg,3.2448979591836733,6,1,3,3,5,4,9,6,6,2,4,1,1,7,6,6,1,2,1,6,1,1,2,2,5,2,4,2,2,3,1,3,2,4,5,1,3,1,2,1,5,6,7,7,1,2,2,1,1
3.jpg,2.5714285714285716,1,2,3,4,2,1,9,6,2,4,5,3,1,2,6,1,1,1,2,5,1,1,1,3,3,1,2,2,1,3,1,1,2,3,5,2,1,2,2,4,3,6,6,2,1,2,2,1,1
30.jpg,3.2448979591836733,2,2,3,5,1,2,9,4,5,1,6,2,4,2,1,3,1,5,7,3,1,1,2,8,6,1,4,1,1,3,2,5,3,8,4,1,2,1,3,1,3,6,8,6,1,4,3,1,1
31.jpg,2.979591836734694,7,1,2,3,3,2,9,6,3,1,5,2,1,4,5,6,1,5,2,4,1,1,4,2,6,2,1,3,2,3,1,2,2,5,4,1,1,1,3,1,2,5,8,5,3,2,1,1,1
32.jpg,3.7346938775510203,1,5,3,3,2,3,9,5,6,4,7,1,4,2,6,2,1,3,6,4,1,5,3,3,5,4,3,5,8,2,2,2,6,5,4,1,1,5,4,1,4,6,6,9,1,7,1,1,1
33.jpg,5.020408163265306,7,2,3,9,3,3,9,6,6,6,7,6,6,3,9,2,6,5,8,6,3,7,4,3,4,3,7,4,6,4,3,2,7,8,4,1,5,3,7,3,5,6,8,9,4,7,5,1,1
34.jpg,4.469387755102041,9,2,4,6,4,3,9,8,5,5,8,1,2,2,7,6,1,2,6,6,1,3,4,5,8,7,7,6,8,3,3,2,2,7,7,3,2,2,5,4,5,5,6,5,4,5,2,1,1
35.jpg,3.6122448979591835,5,2,5,3,2,1,9,6,8,1,7,2,4,7,6,5,1,5,8,4,1,2,4,3,5,7,6,1,4,2,2,2,1,6,3,3,1,1,3,2,5,6,1,9,1,1,2,1,1
36.jpg,4.204081632653061,8,4,3,3,4,5,9,7,3,2,4,3,3,2,9,8,5,1,6,6,3,1,3,2,8,4,3,5,6,3,3,7,2,8,6,1,1,5,7,1,3,6,6,2,3,2,8,1,1
37.jpg,2.5510204081632653,1,1,2,2,1,2,9,3,4,1,5,2,1,2,3,1,1,2,5,3,1,3,1,4,5,2,3,4,1,2,3,2,1,6,4,1,2,1,2,1,5,5,1,2,4,3,3,1,1
38.jpg,4.26530612244898,3,3,3,3,6,6,9,6,6,4,5,2,5,7,6,5,1,4,4,6,1,1,3,2,6,4,6,7,7,6,3,1,4,6,6,3,1,5,5,7,6,6,6,5,2,3,1,1,1
39.jpg,3.979591836734694,2,2,4,3,5,1,9,4,5,4,8,2,6,6,1,6,1,6,6,3,1,3,2,9,7,2,3,1,4,2,5,3,1,5,4,1,1,8,3,5,5,6,9,8,1,8,2,1,1
4.jpg,3.0408163265306123,1,3,2,6,1,4,9,4,4,3,2,3,1,1,6,1,1,1,3,6,1,1,1,7,4,4,6,4,4,2,1,1,5,6,5,1,4,4,1,1,4,5,4,5,1,2,1,1,1
40.jpg,3.7755102040816326,3,4,4,3,1,3,9,4,5,3,6,2,4,3,6,3,2,6,4,6,1,8,3,7,6,8,4,7,2,3,2,1,1,2,4,1,4,3,1,2,6,6,2,7,1,8,2,1,1
41.jpg,2.877551020408163,1,1,5,5,1,1,9,4,3,4,5,2,2,1,6,1,2,1,4,6,1,1,3,2,6,3,4,5,4,2,3,2,3,3,3,2,1,1,2,1,2,5,6,5,1,3,1,1,1
42.jpg,3.183673469387755,2,5,5,5,3,2,9,7,3,2,5,2,2,2,5,2,1,1,5,6,2,1,2,2,6,3,4,2,3,3,4,2,4,5,6,1,1,3,2,3,3,5,3,5,1,2,2,1,1
43.jpg,3.183673469387755,1,3,5,3,4,6,9,5,3,3,4,3,3,3,8,1,1,1,1,6,1,2,2,1,4,3,4,3,2,3,4,5,3,6,4,1,1,2,2,2,2,5,6,5,1,4,3,1,1
44.jpg,3.1020408163265305,3,1,2,3,2,3,9,5,1,6,5,5,1,4,3,1,5,1,3,5,1,1,2,1,4,2,2,4,1,2,1,8,4,3,6,1,1,7,2,2,4,6,7,5,1,1,3,1,1
45.jpg,4.285714285714286,1,6,4,3,5,4,9,6,6,5,9,2,6,4,4,7,1,6,7,4,1,7,1,7,5,4,4,1,3,3,1,8,3,6,4,2,1,7,2,5,5,5,9,7,2,4,2,1,1
46.jpg,3.020408163265306,1,3,4,3,2,3,9,5,3,7,5,3,1,1,3,1,1,1,4,4,1,1,4,1,2,3,3,1,2,2,1,2,6,4,7,1,1,7,1,3,4,6,4,5,2,4,4,1,1
47.jpg,3.36734693877551,1,5,6,6,2,2,9,4,5,3,4,2,3,1,1,3,1,3,3,5,1,1,1,8,7,6,6,2,1,2,2,6,7,5,6,1,2,4,3,1,6,4,2,7,1,1,1,1,1
48.jpg,2.7755102040816326,2,2,4,5,3,1,9,4,4,1,4,4,2,2,1,1,1,2,2,4,1,1,3,2,6,1,3,2,3,2,1,2,3,7,6,2,2,2,3,2,3,6,3,3,1,2,4,1,1
49.jpg,3.163265306122449,5,2,4,2,2,3,9,6,4,1,6,4,2,3,7,5,1,2,2,7,1,3,3,2,7,1,4,3,5,3,1,2,1,4,6,1,1,1,3,2,5,6,1,3,2,1,4,1,1
5.jpg,3.857142857142857,6,4,6,4,4,4,9,7,5,3,6,2,3,7,4,1,1,4,6,6,1,1,3,3,8,6,4,4,6,4,7,3,2,2,6,2,1,1,3,4,2,5,4,5,3,2,3,1,1
50.jpg,3.816326530612245,3,4,9,4,6,2,9,4,4,1,3,3,5,2,3,2,1,2,4,6,1,1,4,8,7,6,4,3,6,3,2,8,6,5,7,2,3,2,3,6,3,6,2,2,4,2,2,1,1
51.jpg,3.63265306122449,3,3,7,3,6,4,9,6,5,2,2,2,2,3,7,1,1,4,3,6,1,3,3,2,5,6,2,5,1,5,2,2,2,4,6,3,1,1,6,3,6,6,6,6,2,3,5,1,1
52.jpg,2.938775510204082,2,3,2,1,2,7,9,4,3,2,3,2,2,2,8,4,1,1,1,5,1,1,2,2,8,3,3,5,7,3,1,2,3,4,5,1,1,3,2,1,4,5,3,3,2,1,2,1,1
53.jpg,2.7551020408163267,1,3,2,1,1,3,9,4,4,2,5,4,1,2,7,1,1,2,3,5,1,1,2,2,6,2,7,6,2,2,1,1,2,5,3,1,1,1,2,1,1,6,4,5,1,3,3,1,1
54.jpg,4.183673469387755,1,6,7,2,1,4,9,4,3,5,6,2,6,1,1,2,1,5,6,6,1,9,6,8,5,7,4,1,6,5,1,6,7,6,4,1,1,3,3,5,5,6,6,7,2,7,3,1,1
55.jpg,4.081632653061225,5,1,5,3,2,6,9,6,5,5,5,4,4,4,7,4,2,4,5,6,1,9,1,2,5,3,5,1,3,2,2,5,8,3,3,1,5,7,7,1,4,6,6,8,1,4,3,1,1
56.jpg,4.0,6,6,5,5,6,5,9,8,5,4,5,2,3,2,6,4,1,1,5,7,1,8,3,5,3,4,5,3,8,4,3,1,2,8,4,2,1,2,2,3,5,6,5,5,1,3,2,1,1
57.jpg,4.326530612244898,6,4,3,2,2,6,9,6,6,4,7,3,3,4,8,7,2,4,6,6,1,9,2,7,7,3,6,2,8,2,3,1,3,7,4,1,1,6,5,4,4,6,2,9,3,3,3,1,1
58.jpg,4.285714285714286,3,8,4,6,5,5,9,5,5,6,3,3,6,3,2,2,1,5,3,4,1,9,4,6,6,6,7,4,8,3,1,2,1,8,4,2,1,8,1,1,7,5,2,8,5,7,3,1,1
59.jpg,4.979591836734694,3,8,2,3,6,5,9,7,5,6,5,2,3,4,7,5,1,2,5,6,7,9,2,8,5,4,6,8,7,8,3,2,5,6,7,2,1,7,6,2,7,6,5,8,8,8,1,1,1
6.jpg,2.3877551020408165,2,2,3,3,2,2,9,3,3,3,1,3,1,2,2,1,1,1,1,4,1,4,1,3,3,7,4,1,1,2,1,2,1,3,3,1,1,5,1,2,1,5,1,2,1,7,2,1,1
60.jpg,3.5918367346938775,1,1,3,4,2,6,9,3,5,5,6,3,2,2,2,5,1,3,4,5,1,8,1,7,8,7,4,2,6,1,7,2,2,5,3,3,1,3,2,1,4,5,3,6,1,6,3,1,1
61.jpg,3.4285714285714284,5,3,4,5,4,3,9,6,4,2,5,3,2,4,6,1,1,1,3,6,1,1,3,3,4,3,4,3,7,5,1,1,4,4,6,3,1,2,4,2,3,6,6,5,2,2,3,1,1
62.jpg,4.755102040816326,5,5,4,5,3,6,9,7,5,6,7,6,6,8,8,8,3,6,7,6,1,5,8,4,7,4,6,2,4,4,2,7,2,5,4,1,1,1,9,1,6,5,7,9,1,2,3,1,1
63.jpg,3.5918367346938775,2,1,5,7,3,3,9,5,5,2,5,3,4,6,7,1,2,5,3,6,1,1,3,4,4,2,7,5,2,3,1,1,5,3,5,1,1,3,2,2,3,6,7,7,1,6,4,1,1
64.jpg,3.5306122448979593,2,3,3,3,5,3,9,5,5,5,6,3,1,3,7,3,2,4,5,3,1,7,1,3,6,3,6,5,4,2,1,2,3,7,6,1,2,2,5,2,2,6,6,5,1,1,1,1,1
65.jpg,5.081632653061225,2,6,7,2,3,6,9,7,4,6,7,6,5,8,6,2,3,3,5,6,4,9,5,6,7,7,7,2,9,3,1,3,8,8,4,7,1,8,6,2,8,5,6,7,3,7,1,1,1
66.jpg,3.204081632653061,4,2,4,2,3,3,9,3,4,4,5,3,1,3,7,1,3,1,3,4,1,3,4,2,5,3,3,4,4,3,2,1,4,7,5,1,1,5,2,2,3,6,4,6,1,3,1,1,1
67.jpg,3.326530612244898,1,3,2,4,1,4,9,6,5,6,5,2,4,3,2,1,1,3,3,4,1,8,1,3,4,6,6,1,3,2,1,2,2,5,3,1,1,6,3,2,4,6,1,5,6,8,1,1,1
68.jpg,3.6530612244897958,3,2,2,2,6,3,9,4,5,5,6,3,2,1,7,3,2,2,5,5,1,8,4,2,6,2,6,5,2,2,6,3,3,6,4,1,4,3,4,2,2,6,6,5,2,4,1,1,1
69.jpg,4.571428571428571,5,6,5,3,2,3,9,5,6,5,8,3,6,2,6,3,2,6,6,5,1,8,3,8,8,6,6,2,4,2,4,8,1,7,3,2,1,7,7,1,6,6,2,8,6,7,2,1,1
7.jpg,3.8979591836734695,6,4,2,2,3,7,9,8,4,5,5,2,4,1,3,2,2,6,4,5,1,5,2,6,6,3,7,4,7,3,2,3,3,5,5,5,1,6,3,2,3,4,8,6,1,2,2,1,1
70.jpg,4.244897959183674,5,6,5,3,2,5,9,4,5,4,8,1,6,5,3,6,1,6,7,3,1,9,3,8,9,3,3,1,1,5,1,3,1,4,6,1,1,5,5,1,4,5,8,7,3,8,6,1,1
71.jpg,4.530612244897959,7,3,6,3,4,4,9,4,4,6,8,4,3,5,6,3,6,3,7,4,1,5,7,8,4,2,3,1,2,5,2,5,4,6,6,8,3,3,3,2,7,5,6,4,5,7,7,1,1
72.jpg,4.428571428571429,6,6,8,5,2,4,9,6,5,4,7,5,4,4,8,2,3,3,6,6,1,1,2,2,8,7,6,6,6,3,3,2,5,4,3,9,1,4,3,4,5,5,7,5,3,3,4,1,1
73.jpg,4.428571428571429,5,4,3,6,8,5,9,7,4,2,2,2,6,2,6,2,1,6,5,7,1,9,1,8,4,7,7,5,5,7,2,2,6,8,5,6,1,2,4,2,4,5,3,7,2,7,3,1,1
74.jpg,4.979591836734694,6,5,8,3,1,5,9,5,5,6,8,2,5,4,8,7,1,4,7,6,1,8,6,8,5,7,5,5,4,6,2,3,6,8,4,3,3,6,6,3,6,6,7,6,4,7,2,1,1
75.jpg,4.612244897959184,1,1,5,3,3,5,9,6,8,6,6,2,6,8,7,8,1,5,5,4,6,5,3,8,5,3,6,2,4,4,1,8,1,6,3,1,1,4,6,2,7,6,9,9,6,2,7,1,1
76.jpg,4.510204081632653,7,2,3,6,3,4,9,8,6,5,9,4,7,2,8,6,2,6,8,4,1,2,2,6,6,3,6,4,3,2,1,4,4,8,4,2,1,6,4,1,4,5,9,9,4,5,4,1,1
77.jpg,3.9183673469387754,2,3,5,5,4,5,9,7,5,2,5,2,1,4,7,1,3,1,3,8,1,9,3,6,5,3,7,5,7,4,4,2,4,6,5,2,1,2,3,2,2,6,5,5,3,2,4,1,1
78.jpg,4.714285714285714,7,4,5,5,2,6,9,8,6,5,7,5,5,2,6,2,6,5,6,4,1,8,6,8,6,3,4,3,4,3,1,2,6,7,6,5,2,7,7,1,5,5,8,5,2,5,4,1,1
79.jpg,4.877551020408164,7,7,7,6,4,7,9,7,5,2,5,2,4,6,7,2,1,2,5,6,2,8,3,8,6,8,1,7,6,3,5,6,3,5,6,3,2,6,2,4,6,6,7,7,4,7,5,1,1
8.jpg,4.489795918367347,5,4,5,5,4,5,9,7,4,5,5,2,5,3,6,5,1,4,4,7,1,9,1,7,6,5,6,8,8,3,1,2,2,7,7,5,2,3,3,6,2,6,3,9,1,7,3,1,1
80.jpg,3.204081632653061,5,6,5,1,3,4,9,5,2,1,2,2,1,2,2,4,2,1,3,6,1,5,3,4,6,6,3,2,1,2,3,2,2,4,6,1,1,3,5,2,2,6,6,5,2,5,1,1,1
81.jpg,5.795918367346939,7,6,6,6,6,6,9,6,6,6,6,7,6,7,6,8,2,5,6,7,6,7,7,3,7,9,7,5,8,2,6,7,6,6,6,6,1,6,6,3,6,5,6,6,7,8,6,1,1
82.jpg,3.4489795918367347,1,2,5,2,6,3,9,5,2,6,5,6,1,4,6,1,3,1,4,5,1,3,1,2,4,3,1,3,1,4,1,2,5,3,8,1,5,2,1,3,4,6,7,5,4,2,8,1,1
83.jpg,3.9183673469387754,1,2,8,6,3,3,9,6,2,6,5,3,2,4,6,1,2,2,5,6,2,1,4,7,5,6,4,1,5,2,1,3,1,5,6,1,1,5,6,3,6,6,6,5,2,7,7,1,1
84.jpg,4.3061224489795915,2,3,7,7,4,5,9,7,4,5,6,4,6,4,8,1,4,2,2,7,5,1,3,5,4,6,3,8,3,6,2,3,6,5,7,1,4,6,2,2,5,6,4,4,1,2,8,1,1
85.jpg,3.2857142857142856,6,2,7,2,4,5,9,5,3,1,1,5,1,4,6,1,3,2,2,6,1,1,2,2,3,6,1,5,1,4,1,1,4,4,5,1,5,1,1,2,6,6,8,1,2,5,5,1,1
86.jpg,4.244897959183674,5,2,6,5,7,4,9,6,3,2,8,6,5,6,7,1,4,2,7,5,1,1,4,5,5,2,1,1,6,4,1,4,6,5,6,2,7,6,6,3,6,5,5,5,5,2,2,1,1
87.jpg,4.428571428571429,6,2,3,2,1,3,9,6,5,4,8,5,6,7,7,2,1,6,5,6,1,8,5,1,8,3,6,3,7,4,2,1,9,1,6,3,7,7,6,2,5,4,7,5,1,1,8,1,1
88.jpg,4.244897959183674,5,8,2,4,4,4,9,7,4,5,6,5,4,3,8,1,3,1,7,6,2,1,2,1,2,3,6,8,8,7,5,2,7,7,6,1,1,4,5,1,5,5,5,8,2,4,2,1,1
89.jpg,3.673469387755102,3,5,4,4,5,3,9,4,5,5,7,3,6,2,6,1,2,5,5,5,1,1,5,1,3,2,4,3,6,2,1,2,8,2,5,1,1,1,5,5,6,5,4,6,4,2,3,1,1
9.jpg,3.979591836734694,3,4,5,5,2,7,9,4,4,5,5,3,3,1,2,2,2,3,5,6,1,7,4,8,5,4,4,2,2,3,1,1,7,6,4,2,2,4,4,3,7,6,8,3,5,7,3,1,1
90.jpg,3.510204081632653,2,4,2,3,1,4,9,4,5,2,4,1,5,1,1,1,2,4,3,7,1,7,6,3,3,7,4,4,8,7,1,1,7,5,5,1,2,3,5,1,4,6,3,3,1,5,2,1,1
91.jpg,4.591836734693878,6,4,9,5,8,3,9,5,5,5,4,5,4,4,8,1,3,2,2,6,1,1,7,6,5,7,4,4,7,6,1,4,3,4,6,1,5,6,7,5,7,6,8,4,3,1,6,1,1
92.jpg,4.979591836734694,1,5,3,6,5,7,9,6,5,4,5,2,3,4,2,5,1,3,5,6,1,8,5,8,5,7,4,5,6,8,5,3,8,6,5,2,2,6,6,5,6,6,9,7,5,9,8,1,1
93.jpg,5.612244897959184,5,6,9,2,7,7,9,6,5,8,5,6,7,6,6,5,3,7,5,6,2,6,3,9,6,8,6,5,7,8,3,7,6,4,6,5,2,9,6,5,8,6,9,5,2,8,2,1,1
94.jpg,2.836734693877551,1,1,6,1,5,2,9,4,2,3,5,4,1,4,4,1,1,1,5,6,1,1,1,2,4,2,3,1,1,2,1,3,4,5,7,1,2,4,2,3,5,6,3,1,1,3,2,1,1
95.jpg,4.816326530612245,3,7,5,1,4,5,9,7,7,5,7,2,6,2,9,5,1,7,6,6,1,7,3,7,7,6,6,5,9,4,7,5,2,7,5,2,1,6,6,2,5,6,2,9,1,4,5,1,1
96.jpg,5.63265306122449,4,5,5,8,6,5,9,6,7,6,6,2,8,6,8,7,3,7,7,6,6,8,4,9,6,8,6,5,9,4,8,6,4,5,5,8,1,7,8,4,6,5,3,6,7,3,2,1,1
97.jpg,3.63265306122449,7,5,2,3,2,3,9,4,5,4,6,2,1,4,8,1,1,1,6,6,1,1,2,4,5,3,3,2,5,2,4,3,6,7,4,1,1,3,6,4,6,6,6,5,2,2,2,1,1
98.jpg,5.040816326530612,9,1,3,3,6,6,9,6,6,1,6,3,4,8,9,9,2,6,6,7,8,8,2,8,7,6,7,8,7,4,1,3,6,3,7,1,3,3,3,2,7,5,8,9,1,4,4,1,1
99.jpg,4.877551020408164,7,5,6,1,3,6,9,6,6,6,7,5,4,6,7,1,3,6,8,4,1,8,6,9,8,6,6,1,5,3,1,6,5,7,2,1,1,7,8,2,7,6,2,9,2,7,5,1,1
