Painting,1,2,3,4,5,6,7,8,9,10,11,12,13,14,15,16,17,18,19,20,21,22,23,24,25,26,27,28,29,30,31,32,33,34,35,36,37,38,39,40,41,42,43,Average
0,6,8,1,7,3,1,4,1,4,2,5,1,2,4,1,4,3,2,5,4,7,2,1,3,2,4,4,8,4,4,2,8,2,5,5,4,3,8,4,5,1,4,9,3.88372093
1,4,2,6,6,6,6,4,3,2,3,5,7,2,8,5,5,5,5,6,7,7,2,6,1,2,7,5,1,6,5,3,8,5,7,7,5,8,5,5,8,5,8,9,5.162790698
2,4,1,2,3,3,2,4,1,4,1,3,5,2,4,4,3,7,4,4,6,2,1,1,2,1,1,3,1,1,5,2,6,5,7,3,3,8,6,1,3,1,1,9,3.255813953
3,5,6,2,7,3,2,4,3,4,2,5,1,1,9,1,7,3,3,6,7,1,1,1,2,2,3,3,1,3,7,3,7,4,6,9,4,6,2,6,2,1,5,9,3.930232558
4,6,2,6,3,3,3,1,1,3,1,6,4,1,4,1,8,5,5,5,5,3,1,7,3,2,3,2,5,7,3,1,4,6,5,5,4,9,4,1,9,8,8,9,4.23255814
5,5,2,1,3,4,2,4,1,3,2,4,1,1,9,1,6,4,1,4,6,1,3,1,3,1,1,4,1,3,4,4,8,3,5,8,4,1,8,4,2,5,2,9,3.465116279
6,4,9,5,3,6,2,3,1,2,2,1,1,1,4,1,6,7,3,5,6,3,2,1,3,3,5,4,2,6,5,2,8,4,5,9,3,2,8,7,6,5,4,9,4.139534884
7,1,7,6,2,2,2,3,2,2,2,9,6,5,5,1,7,3,6,5,4,2,8,6,3,1,4,3,3,4,5,7,8,5,5,9,3,1,8,3,8,5,7,9,4.581395349
8,2,7,1,7,7,2,1,1,7,4,5,6,1,4,1,6,4,6,5,6,3,3,1,2,2,2,3,2,3,5,3,8,6,7,9,5,2,5,3,2,2,2,9,4
9,3,8,5,6,2,1,3,2,2,2,6,5,2,4,1,7,4,3,5,6,2,5,3,3,2,3,3,2,3,5,1,7,5,5,4,4,3,6,5,7,2,1,9,3.88372093
10,8,2,2,8,2,1,5,1,6,2,6,1,6,3,2,6,4,2,5,4,5,3,1,3,1,2,2,3,6,6,1,6,6,6,6,6,1,7,5,7,1,2,9,3.976744186
11,3,4,2,7,6,2,2,2,2,4,8,6,2,9,2,4,3,3,4,7,8,3,5,5,4,4,7,8,3,6,7,8,2,5,6,6,9,2,2,6,8,2,9,4.813953488
12,5,6,2,5,2,3,1,2,2,4,8,3,1,8,3,4,4,3,6,4,2,1,1,1,1,2,3,3,5,5,6,6,3,5,6,4,4,7,3,5,2,7,9,3.88372093
13,3,3,3,9,4,3,4,1,1,5,8,3,1,7,2,6,3,3,5,6,4,4,1,2,1,3,1,5,4,4,4,8,1,7,9,4,7,5,6,6,4,8,9,4.348837209
14,3,7,1,2,6,2,2,6,5,2,5,1,1,3,1,7,3,1,6,4,2,9,1,3,1,1,5,2,6,5,2,7,2,5,9,4,7,1,1,7,4,4,5,3.744186047
15,7,7,2,8,6,1,4,2,2,2,6,1,2,3,1,7,4,3,5,6,1,7,1,4,2,5,3,2,3,5,4,8,6,5,8,5,9,6,4,7,1,2,7,4.279069767
16,7,7,8,2,7,2,7,3,8,1,8,7,1,5,2,8,4,4,6,3,2,3,6,7,4,5,5,7,6,6,8,6,6,6,6,4,8,6,4,7,6,4,9,5.372093023
17,8,2,3,2,4,3,3,2,6,2,8,5,2,6,1,4,6,6,1,4,3,2,4,5,1,6,2,8,4,4,4,7,4,5,5,5,3,6,7,2,4,5,9,4.255813953
18,7,5,1,5,2,2,7,2,3,2,7,1,4,3,2,3,2,6,4,6,4,4,1,2,2,2,2,1,6,5,4,5,5,7,6,6,2,1,5,4,1,8,9,3.860465116
19,3,7,1,5,3,1,3,3,1,1,3,1,1,3,1,6,3,6,5,3,1,5,1,3,1,2,4,1,3,3,2,7,4,5,9,7,3,7,4,6,1,5,9,3.558139535
20,2,7,1,6,6,1,4,2,4,1,6,1,2,6,2,6,3,5,5,4,7,8,1,2,1,3,1,1,3,3,3,7,2,6,6,2,3,7,4,8,1,4,9,3.860465116
21,3,2,6,7,4,2,4,2,5,1,6,2,1,3,2,7,4,6,6,6,2,3,5,3,1,2,3,8,4,3,1,4,5,5,6,3,7,7,2,9,6,4,9,4.209302326
22,1,8,3,4,6,3,1,2,6,7,1,1,1,7,6,4,1,5,1,3,5,8,2,4,1,5,1,5,7,2,5,8,3,5,8,6,4,1,6,9,1,6,9,4.23255814
23,3,5,1,6,6,3,2,3,1,9,5,2,3,7,5,4,6,3,4,4,6,5,1,3,3,6,4,1,6,2,6,8,3,6,3,6,8,6,7,1,1,6,9,4.395348837
24,8,3,3,4,3,3,1,1,4,4,5,3,7,5,4,2,3,3,4,6,2,2,1,3,1,4,3,8,4,5,2,6,3,6,9,7,6,7,5,7,4,3,9,4.255813953
25,4,1,3,8,1,2,3,1,5,2,1,2,1,4,2,2,1,1,1,4,1,1,1,1,1,2,3,1,3,6,2,8,1,5,3,3,7,7,1,5,1,7,1,2.790697674
26,6,2,3,7,4,2,3,2,5,2,1,3,3,5,3,2,3,2,3,6,2,1,1,4,1,2,4,1,3,5,3,6,2,5,3,4,1,7,4,5,1,4,9,3.372093023
27,8,7,2,3,3,3,4,3,4,2,4,4,1,8,6,4,5,5,3,4,4,1,3,5,1,2,4,3,3,4,3,6,5,7,3,5,2,7,5,8,1,6,9,4.186046512
28,6,1,6,9,2,1,1,1,1,2,3,1,4,3,1,7,4,3,1,6,2,1,1,2,2,4,1,2,3,2,1,8,5,6,9,7,1,3,3,4,1,7,9,3.418604651
29,4,6,1,5,3,1,3,3,1,2,1,1,1,3,1,7,2,6,3,4,1,3,1,3,1,1,1,1,2,4,4,7,3,6,9,4,1,7,6,1,1,8,9,3.302325581
30,6,4,2,9,2,1,2,2,2,1,3,2,2,6,1,4,4,3,3,4,1,1,1,1,2,2,2,1,4,4,1,7,2,5,4,4,4,1,2,1,1,7,9,3.023255814
31,5,5,4,9,4,2,1,4,1,1,2,1,1,3,1,7,3,3,5,6,1,6,5,3,4,3,1,2,5,4,4,6,5,5,8,5,3,1,6,6,1,8,9,3.930232558
32,2,7,6,6,3,1,5,2,6,4,9,1,1,9,1,9,2,5,7,4,3,6,1,3,2,3,1,2,3,4,2,8,7,8,9,5,8,6,4,6,3,8,9,4.674418605
33,7,5,6,6,7,4,1,4,5,1,7,3,4,9,1,9,5,3,6,6,5,5,8,3,2,3,4,6,4,3,7,7,7,5,2,7,9,8,3,3,7,8,9,5.209302326
34,5,4,6,9,2,2,4,1,2,2,1,1,2,7,2,9,6,6,5,3,1,2,1,1,1,3,2,5,1,2,1,8,3,5,7,6,2,7,3,6,1,6,7,3.720930233
35,7,2,6,9,3,2,4,2,2,3,4,2,3,6,3,6,4,6,5,5,2,2,5,3,2,3,4,2,4,5,2,7,5,7,9,4,7,9,4,6,6,8,9,4.627906977
36,7,2,1,6,2,1,1,8,2,2,1,1,2,5,2,4,4,4,2,4,2,2,2,4,1,5,1,1,5,4,2,6,3,5,8,5,3,7,3,2,1,8,9,3.488372093
37,3,4,6,8,6,2,2,6,2,3,4,1,4,3,1,6,3,5,4,6,2,4,5,2,2,3,4,2,4,7,7,3,6,5,7,3,8,8,4,8,6,2,9,4.418604651
38,3,8,2,5,6,1,1,6,6,1,3,1,1,8,1,6,4,5,4,4,6,8,1,3,1,1,2,5,3,5,1,3,6,5,8,5,7,2,4,7,4,6,9,4.139534884
39,3,2,6,8,2,2,4,1,5,2,3,1,2,6,1,6,5,8,6,4,1,8,1,4,2,6,6,7,1,2,2,8,3,6,4,3,6,7,6,7,1,4,9,4.209302326
40,1,3,2,2,3,1,4,1,4,1,9,4,2,9,1,5,3,1,3,7,1,1,1,3,1,2,3,2,4,6,1,6,8,4,9,6,3,8,4,2,1,6,1,3.465116279
41,3,2,4,3,4,3,4,4,3,2,6,5,1,6,1,4,7,3,4,5,4,2,1,2,1,3,5,8,1,5,3,6,6,5,5,5,9,1,1,4,2,8,9,3.953488372
42,7,1,4,4,2,5,4,2,4,1,4,3,1,8,2,5,3,2,6,7,2,2,1,2,1,2,2,1,2,5,1,7,7,6,9,7,8,5,3,5,3,4,9,3.930232558
43,4,2,3,5,2,3,3,1,6,2,3,6,4,9,3,2,5,4,3,6,2,3,5,3,1,3,2,2,8,6,2,8,5,7,2,5,5,5,3,7,1,2,9,4
44,3,8,1,8,4,1,3,2,5,2,3,1,6,2,1,7,3,6,5,3,6,9,1,3,1,2,2,4,2,3,2,8,6,5,8,5,1,7,1,8,2,7,9,4.093023256
45,2,2,3,8,2,3,4,2,6,1,3,6,1,9,6,4,8,2,4,6,2,1,2,2,4,2,3,1,5,7,2,8,3,6,3,4,8,5,4,3,1,7,9,4.046511628
46,6,6,1,6,3,2,6,4,2,1,6,1,2,4,1,9,4,3,2,4,4,1,1,1,1,2,2,1,4,3,1,6,3,6,9,5,4,9,3,2,5,3,9,3.674418605
47,2,5,3,8,2,1,2,7,2,2,4,1,2,6,1,6,5,3,4,3,1,5,1,9,1,1,2,1,2,4,2,7,3,5,7,4,3,2,4,3,3,4,9,3.534883721
48,4,2,4,9,2,1,1,4,1,2,5,2,3,7,2,7,2,4,5,6,3,2,3,4,1,2,1,3,7,2,1,6,4,6,5,6,9,1,3,6,1,8,7,3.813953488
49,4,7,2,6,4,3,5,3,7,3,6,2,4,9,1,4,6,5,5,6,6,4,4,2,2,3,2,6,3,5,6,8,3,6,9,4,9,3,4,5,4,3,9,4.697674419
50,9,5,3,7,4,6,3,3,2,3,1,4,3,7,2,1,3,5,4,6,3,1,1,3,1,1,1,2,4,4,2,8,7,5,8,6,9,2,4,6,4,4,9,4.093023256
51,8,2,2,9,2,2,3,2,2,2,1,4,3,3,1,6,7,1,6,6,3,1,1,3,1,2,1,3,6,4,3,7,3,6,6,7,3,4,3,6,6,7,9,3.88372093
52,3,8,2,9,4,2,4,2,3,1,5,1,1,5,1,6,6,1,4,5,2,2,1,2,2,2,1,1,3,5,3,7,1,5,4,4,7,1,5,7,2,4,8,3.534883721
53,4,1,6,4,6,1,7,2,6,3,6,2,2,7,1,6,4,7,6,6,2,9,1,2,1,6,5,5,1,6,2,8,2,8,8,4,9,6,2,8,6,4,9,4.674418605
54,7,8,4,8,4,3,4,2,5,3,1,1,1,2,2,5,6,2,7,5,2,4,1,3,2,3,1,1,8,4,2,6,5,8,9,5,3,5,6,7,1,9,9,4.279069767
55,4,3,2,7,6,2,8,6,7,1,8,6,1,9,1,6,4,3,5,6,6,3,1,4,1,2,5,5,7,5,4,8,5,7,6,4,4,2,6,7,6,7,9,4.860465116
56,8,8,5,8,4,1,7,3,4,4,8,1,3,9,1,9,2,7,6,4,2,6,1,5,1,5,1,7,1,4,4,5,5,4,9,2,2,5,3,6,4,3,9,4.558139535
57,7,7,4,4,4,2,4,1,6,2,7,1,1,4,1,7,4,7,6,6,2,8,1,3,1,6,3,1,3,5,1,7,5,5,9,5,1,8,4,8,3,3,9,4.325581395
58,1,1,6,5,6,2,6,6,9,3,9,9,1,5,3,6,3,2,6,7,2,3,2,8,5,4,7,8,6,7,7,8,2,5,7,3,9,3,4,8,7,2,2,5
59,2,7,2,6,7,1,3,7,4,3,8,4,2,8,1,8,4,5,6,6,2,7,3,3,1,3,5,1,2,5,4,8,3,5,1,3,2,6,1,4,5,3,5,4.093023256
60,5,2,3,2,2,3,2,6,5,1,1,3,1,3,2,2,4,4,3,6,2,2,1,5,1,2,4,5,4,5,5,7,3,6,6,5,9,8,4,6,4,8,9,3.976744186
61,5,4,3,3,2,2,3,3,6,3,4,6,3,3,5,5,4,4,5,6,7,3,1,3,7,3,3,9,4,5,2,7,6,7,9,3,4,8,8,7,2,7,8,4.697674419
62,6,7,3,5,4,2,4,2,4,2,4,4,3,7,1,7,2,5,6,4,4,2,1,2,1,3,4,2,4,4,2,5,3,6,9,6,3,5,5,7,6,7,9,4.23255814
63,8,2,1,7,3,1,2,1,5,2,5,1,4,7,1,7,2,5,7,4,5,7,1,3,1,3,2,1,1,3,2,5,3,5,6,6,2,1,4,7,1,8,9,3.744186047
64,1,8,7,2,6,3,5,1,6,2,6,6,1,8,1,6,6,4,5,6,3,3,1,7,3,7,7,8,5,5,4,8,3,5,5,6,8,1,2,5,6,4,9,4.76744186
65,3,1,3,9,4,2,5,3,3,2,3,6,3,8,1,6,5,5,3,6,2,4,1,2,1,4,5,2,2,6,6,6,2,6,7,3,7,7,3,3,4,3,9,4.093023256
66,3,6,1,3,4,1,4,2,6,3,7,1,2,5,1,8,3,3,4,4,4,4,2,2,1,1,2,5,5,6,4,7,2,5,5,3,1,8,3,3,1,3,9,3.651162791
67,3,7,4,6,4,4,5,3,4,2,4,7,5,9,2,8,3,6,6,4,6,3,1,2,1,3,5,2,4,5,6,7,6,6,5,3,2,6,3,7,6,7,9,4.674418605
68,4,8,1,8,7,2,1,2,5,2,8,2,2,9,1,7,6,8,6,4,5,6,4,2,1,4,4,5,3,5,1,7,3,6,9,5,8,6,6,8,4,4,9,4.837209302
69,4,6,1,9,3,1,7,1,2,1,4,1,3,9,1,7,2,7,5,4,5,6,1,2,1,6,2,5,2,3,2,8,6,5,9,6,2,8,2,7,2,6,9,4.255813953
70,3,7,6,7,7,4,7,3,6,3,6,6,2,3,2,7,7,8,6,6,7,4,1,3,2,8,2,1,7,5,5,8,8,7,9,6,2,8,4,5,5,8,9,5.348837209
71,5,7,4,3,2,3,6,3,8,1,6,5,4,9,1,9,6,3,7,7,4,6,6,6,2,7,5,7,5,5,3,7,6,7,8,5,8,8,6,3,1,5,9,5.302325581
72,7,6,3,3,4,3,5,3,3,3,2,6,6,8,1,8,2,4,4,6,4,4,1,2,2,7,3,8,6,5,6,7,3,6,8,6,9,7,4,7,8,4,9,4.953488372
73,3,9,4,8,5,2,6,4,2,3,4,7,3,3,4,8,3,6,6,6,4,8,1,5,3,5,5,5,2,5,7,7,7,6,9,6,6,9,2,7,6,3,9,5.186046512
74,7,7,3,9,1,6,5,1,2,4,7,1,4,3,1,6,4,8,4,4,4,6,1,3,1,4,2,2,6,3,1,6,6,5,9,8,2,8,5,7,1,9,9,4.534883721
75,6,7,3,7,3,1,3,3,4,2,5,1,4,3,1,9,4,7,7,5,7,9,1,2,2,3,5,7,2,5,1,7,6,5,9,5,9,7,4,1,1,5,9,4.581395349
76,6,6,3,5,3,2,7,3,4,2,7,4,2,4,2,7,4,4,5,6,3,3,7,4,2,4,5,7,2,5,3,8,5,6,8,6,9,1,3,8,6,3,9,4.720930233
77,7,8,4,9,7,1,6,4,6,3,6,6,6,4,1,8,4,6,6,6,2,8,1,3,2,7,4,2,3,5,3,4,6,8,8,7,9,7,8,7,4,8,9,5.418604651
78,5,6,1,9,2,2,6,2,8,2,7,8,1,8,1,9,5,7,6,4,5,7,1,3,2,5,6,3,4,4,2,7,4,5,7,3,9,1,3,7,5,2,9,4.720930233
79,6,1,2,5,4,1,3,6,4,3,8,1,1,8,1,4,1,5,4,6,2,2,1,5,1,2,4,8,7,6,2,6,2,7,8,3,3,1,4,4,3,4,9,3.906976744
80,7,8,4,6,2,2,4,3,6,2,9,9,1,4,1,8,5,6,7,6,6,6,2,8,2,5,4,8,7,6,9,8,7,7,7,5,8,7,6,8,5,6,9,5.720930233
81,3,2,4,4,4,3,7,4,4,4,5,6,3,5,8,3,8,2,5,6,2,1,1,1,2,1,4,1,6,8,1,6,5,8,6,6,8,6,3,3,1,2,1,4.023255814
82,7,2,3,8,7,3,3,2,4,3,2,6,2,8,6,3,8,2,4,6,4,3,5,2,1,5,6,5,5,6,4,8,4,7,4,6,8,4,7,7,1,3,9,4.720930233
83,7,5,2,3,3,2,5,6,1,2,8,6,3,9,2,3,7,4,6,7,4,1,1,2,1,1,3,9,7,5,7,7,5,8,9,5,2,7,6,8,1,8,9,4.813953488
84,3,1,2,6,4,4,6,3,2,2,1,8,6,4,5,3,5,3,3,6,1,3,1,2,1,3,5,1,7,6,1,6,4,6,3,6,5,8,1,6,1,2,9,3.837209302
85,8,5,2,6,2,5,8,1,4,5,8,7,3,7,7,3,7,4,7,5,7,1,1,2,2,1,3,1,7,4,6,8,8,8,8,7,3,7,5,1,1,8,9,4.930232558
86,7,3,8,7,4,6,5,2,1,3,3,4,3,9,6,6,6,3,6,6,3,2,2,1,2,8,1,1,6,4,3,4,6,8,9,7,9,9,8,1,1,9,9,4.906976744
87,8,1,6,9,4,1,3,1,7,1,7,4,1,3,3,4,4,7,4,7,2,2,1,4,5,4,3,8,4,7,3,7,4,7,6,4,9,1,6,4,5,7,9,4.581395349
88,5,1,5,8,2,3,2,2,5,3,2,5,1,8,5,7,8,3,4,4,2,7,1,3,3,5,2,8,6,4,7,8,3,6,5,6,1,6,8,2,1,3,9,4.395348837
89,2,4,2,8,1,3,5,1,4,1,5,6,1,3,1,4,6,4,1,3,1,6,1,2,3,3,1,5,4,4,1,6,2,5,8,6,5,7,6,8,1,6,9,3.837209302
90,3,2,7,6,4,3,6,6,6,2,7,3,6,9,8,2,7,1,3,6,3,2,1,7,3,7,2,5,9,5,6,7,5,6,5,6,9,6,6,3,1,6,9,5.023255814
91,6,7,7,3,7,3,6,5,8,2,7,6,4,5,3,6,2,5,6,6,6,6,4,3,2,8,5,5,8,6,6,6,6,6,9,5,5,8,5,9,2,7,9,5.581395349
92,5,6,7,6,7,2,8,4,7,4,9,4,6,5,7,6,1,7,7,6,6,9,1,4,5,7,6,9,7,6,7,4,5,5,5,6,8,8,6,7,8,3,9,5.930232558
93,6,1,2,7,3,5,4,1,5,1,7,6,3,8,5,1,8,4,3,6,5,6,1,2,1,2,3,1,3,6,2,7,6,7,3,6,7,8,6,2,1,3,5,4.162790698
94,2,5,6,7,8,2,5,1,4,2,9,7,2,8,1,9,3,5,6,6,5,4,5,2,2,6,2,7,4,5,6,6,8,5,5,3,9,1,5,7,6,4,9,4.976744186
95,4,7,8,6,8,3,5,4,4,1,9,7,5,7,1,9,2,4,6,4,8,8,4,7,4,7,6,9,1,5,9,7,4,6,6,6,7,8,5,9,5,3,9,5.744186047
96,4,2,3,6,2,4,7,1,6,1,5,6,2,9,1,3,5,5,4,6,7,3,1,2,1,6,6,1,8,8,5,7,5,5,5,6,5,8,2,3,1,4,9,4.418604651
97,6,6,7,8,2,2,7,3,2,2,7,6,1,2,1,8,4,8,5,5,4,7,1,2,3,4,2,6,8,4,8,8,2,5,8,7,2,2,3,7,2,7,9,4.720930233
98,5,5,3,8,6,2,5,2,6,2,5,6,5,7,3,9,7,3,6,5,6,8,1,2,1,6,4,1,3,5,2,7,4,5,7,6,1,7,3,5,7,2,9,4.697674419
99,2,2,6,8,5,3,7,4,6,2,4,7,1,8,2,6,3,3,5,6,6,3,1,8,3,5,6,8,4,7,7,6,4,5,6,3,8,6,6,4,1,3,4,4.744186047
100,4,2,4,6,7,3,4,2,7,1,7,3,1,8,3,6,2,2,5,4,1,1,6,3,1,1,4,2,3,6,3,8,5,6,6,5,8,6,3,5,5,4,9,4.23255814
101,4,7,6,8,5,5,7,1,4,2,4,4,1,5,1,6,4,1,6,7,6,6,5,2,1,4,2,2,4,5,2,7,5,5,7,3,6,4,4,4,1,8,9,4.418604651
102,6,1,2,7,4,1,5,2,6,5,7,1,2,8,6,8,5,3,5,4,1,7,3,2,1,2,2,5,3,5,5,7,2,5,9,4,4,7,2,5,1,4,9,4.255813953
103,5,2,3,3,2,4,5,3,4,3,2,6,2,8,2,8,5,4,4,5,6,4,1,2,2,2,3,2,4,4,2,7,5,5,9,3,9,4,3,2,2,7,9,4.11627907
104,4,6,2,5,7,1,4,6,6,2,3,2,1,6,2,7,6,7,5,4,7,9,1,1,2,6,4,1,6,2,6,8,8,6,9,5,2,7,3,7,1,7,9,4.720930233
105,7,1,9,9,7,5,4,2,8,4,5,8,4,5,9,2,9,7,7,3,4,1,6,1,3,7,1,1,9,4,1,7,7,8,9,6,7,8,6,3,1,9,9,5.418604651
106,3,1,6,3,4,3,3,1,6,1,6,8,3,9,9,3,5,8,5,6,3,1,1,2,2,2,3,1,8,5,6,7,5,8,6,6,9,9,5,5,1,7,9,4.744186047
107,3,3,4,4,3,3,5,2,3,2,4,3,2,9,3,4,6,2,5,6,5,2,1,2,1,3,1,2,6,5,2,7,5,5,9,5,2,6,8,1,3,8,9,4.046511628
108,8,2,5,3,5,2,2,2,5,3,6,2,2,4,2,7,7,5,6,7,1,2,5,3,2,4,2,6,5,5,2,8,6,6,8,5,3,3,4,8,4,4,3,4.279069767
109,6,2,4,6,2,1,3,1,4,2,5,2,1,6,1,8,2,2,4,6,3,5,1,4,1,3,4,7,4,4,4,6,6,5,5,4,3,7,4,5,2,4,9,3.906976744
110,3,2,6,8,2,4,4,3,1,2,4,5,4,7,6,2,5,7,4,6,6,1,1,3,2,7,3,1,7,4,2,7,7,8,5,6,4,3,7,3,1,9,6,4.372093023
111,7,1,2,7,3,3,5,1,5,2,5,6,3,5,7,2,5,4,6,6,2,1,1,3,2,1,3,2,3,6,2,6,5,7,4,4,2,1,5,1,1,3,9,3.697674419
112,3,6,3,8,2,4,7,2,1,2,3,4,8,3,2,2,4,5,6,6,2,3,1,2,1,2,2,1,8,4,3,8,5,8,6,6,5,8,6,7,1,9,9,4.372093023
113,4,6,3,5,7,2,6,7,8,2,7,3,6,9,1,6,6,7,6,6,4,2,2,1,1,3,5,9,8,6,6,3,4,7,8,4,3,7,5,6,8,4,9,5.162790698
114,4,1,2,9,5,1,2,6,4,2,5,1,1,5,1,6,3,5,6,6,8,2,1,4,1,3,6,1,6,4,2,8,5,7,9,5,3,8,4,4,2,4,9,4.209302326
115,6,2,2,6,1,3,2,6,3,2,5,8,2,8,5,3,6,3,3,6,6,3,1,2,2,3,2,1,6,5,3,7,6,7,4,7,9,7,5,3,2,8,6,4.348837209
116,3,1,4,5,6,2,6,3,6,2,5,7,1,5,8,1,8,5,5,6,3,1,1,2,1,3,3,2,4,7,1,7,5,7,8,6,2,8,4,7,1,3,9,4.279069767
117,4,1,5,9,3,4,3,2,2,2,6,6,6,2,6,3,3,4,5,6,2,1,1,2,2,2,2,2,4,4,1,8,5,8,8,6,9,1,6,5,5,3,9,4.139534884
118,6,5,2,6,2,3,5,4,2,1,1,7,1,8,3,3,6,2,4,6,1,1,4,2,1,2,1,1,7,5,2,8,5,7,5,6,9,3,5,2,1,6,9,3.953488372
119,5,2,2,3,2,2,3,8,5,2,2,1,2,7,2,7,4,2,5,6,3,1,1,4,2,2,1,3,3,6,2,7,6,6,9,5,2,8,1,2,4,8,9,3.88372093
120,4,3,3,6,1,2,2,1,3,1,5,4,2,4,5,3,3,6,5,4,2,3,5,2,1,1,1,2,6,4,1,7,6,6,3,4,9,7,5,5,1,3,9,3.720930233
121,4,2,3,6,2,5,1,5,1,2,5,2,6,4,6,7,8,3,5,6,3,1,5,7,2,8,3,1,9,4,1,9,5,8,8,7,5,2,2,4,1,7,9,4.511627907
122,5,1,3,7,1,1,4,3,3,1,6,1,1,4,1,2,5,2,5,7,2,2,1,3,2,2,1,1,5,5,1,8,3,6,5,7,9,1,3,4,1,8,9,3.534883721
123,6,3,3,2,4,1,1,2,5,2,4,2,2,8,3,2,4,2,5,6,1,1,1,2,1,1,3,1,3,5,3,5,5,7,4,3,5,5,5,3,2,7,3,3.325581395
124,4,2,4,3,7,5,6,1,5,1,8,6,3,7,7,3,8,2,4,6,6,1,5,1,2,4,2,1,7,5,5,5,7,9,6,5,3,6,4,2,1,3,1,4.255813953
125,6,2,2,9,4,4,4,3,5,1,5,8,2,7,7,2,7,2,5,6,3,1,6,1,2,1,3,1,4,5,3,6,5,8,2,6,2,1,3,2,1,8,9,4.046511628
126,2,2,6,4,4,4,6,2,4,2,5,6,2,8,5,6,8,5,4,6,8,1,7,4,2,3,2,1,5,5,3,5,6,7,5,7,8,6,5,6,1,8,9,4.76744186
127,7,2,6,9,3,4,7,1,4,2,1,6,2,8,7,1,8,3,5,6,5,2,1,3,2,2,2,5,4,5,3,4,7,8,6,5,3,6,3,5,1,9,9,4.465116279
128,3,1,2,9,2,3,4,7,4,2,3,7,2,9,6,3,6,5,5,6,3,2,1,2,1,3,4,3,3,6,2,7,5,6,4,7,2,8,5,3,1,6,9,4.23255814
129,6,1,3,9,3,4,4,2,6,3,5,6,7,8,5,5,9,3,7,7,3,1,5,2,6,3,3,5,6,6,4,6,7,8,7,6,5,9,6,1,3,6,9,5.11627907
130,4,7,4,4,5,3,5,2,3,3,4,6,5,9,1,7,5,5,6,6,6,3,1,2,2,6,2,1,3,2,7,7,5,5,7,6,4,6,6,9,2,6,9,4.674418605
131,8,2,7,5,2,2,3,4,3,1,4,8,4,4,5,6,6,3,4,6,2,4,1,3,4,4,5,6,5,5,6,7,5,6,5,3,9,8,2,3,5,2,9,4.558139535
132,7,1,3,3,4,3,6,1,1,3,4,7,4,8,6,2,8,3,5,6,2,2,1,1,1,1,1,1,3,5,1,8,5,9,4,4,8,6,6,7,1,8,9,4.162790698
133,5,7,6,9,7,7,7,3,6,1,8,8,2,5,8,6,8,8,7,6,5,8,1,6,8,9,5,9,9,3,6,6,8,7,4,8,4,7,9,7,7,9,9,6.465116279
134,8,6,1,4,4,1,5,1,1,2,7,1,1,7,1,9,7,2,5,3,3,3,1,2,2,4,1,5,5,4,1,6,5,7,7,4,1,1,2,5,1,4,9,3.697674419
135,8,2,2,5,2,2,4,3,4,3,2,4,7,9,1,2,4,3,7,7,7,2,1,5,1,4,1,5,5,5,3,5,7,7,2,7,1,8,5,4,1,8,9,4.279069767
136,7,3,3,7,2,6,3,2,2,3,1,6,4,3,5,2,7,4,5,6,2,2,5,4,3,2,1,4,9,4,4,8,3,7,7,2,8,1,4,5,1,9,9,4.302325581
137,2,2,4,4,3,1,6,3,2,3,6,6,1,4,1,5,2,6,6,7,2,2,1,2,1,1,2,7,3,4,3,5,4,5,6,4,9,1,7,7,7,2,9,3.906976744
138,7,6,4,7,2,6,7,5,6,4,9,4,6,6,1,4,7,3,6,6,2,7,1,3,2,4,5,5,8,7,6,8,4,5,2,7,9,7,4,2,1,2,9,5.023255814
139,2,1,1,5,2,3,6,2,3,1,5,7,1,6,5,3,8,5,3,6,2,2,3,1,1,3,3,2,5,5,5,5,3,8,5,5,9,8,4,2,1,4,1,3.76744186
140,5,2,3,8,7,3,7,5,3,2,3,6,2,8,7,2,7,2,6,4,8,5,1,3,2,6,2,2,3,6,6,7,8,6,9,5,6,5,5,5,2,3,9,4.790697674
141,8,3,3,6,5,4,3,6,9,2,4,7,4,7,4,3,6,2,5,7,2,2,5,3,1,3,4,3,5,6,5,7,5,7,6,3,9,8,3,8,5,5,9,4.930232558
142,5,7,6,9,3,3,5,3,2,2,4,6,6,9,6,2,4,7,8,6,5,2,1,2,3,3,2,1,6,5,8,8,7,9,8,7,9,4,5,4,5,9,9,5.23255814
143,3,2,1,9,5,3,3,2,6,2,3,6,1,3,2,3,8,2,5,6,2,1,1,2,4,3,2,1,3,5,7,8,7,6,9,6,4,5,5,5,7,9,9,4.325581395
144,3,3,1,8,3,2,4,6,6,1,5,5,2,7,4,3,4,4,6,4,1,1,1,2,2,3,4,2,4,5,1,8,3,6,3,5,7,4,4,7,2,4,9,3.930232558
145,7,4,3,8,1,2,6,4,1,1,4,3,3,2,2,5,4,3,5,4,1,6,1,2,2,2,1,4,8,3,1,7,5,7,8,7,1,1,4,2,1,2,8,3.627906977
146,8,1,3,6,2,2,4,3,1,2,4,6,2,6,1,2,4,4,6,7,3,2,1,3,1,2,2,7,6,5,3,4,5,7,7,6,3,1,3,5,4,8,9,3.976744186
147,6,2,3,8,1,2,6,2,1,3,6,1,2,3,1,7,4,7,3,4,7,8,1,3,2,6,1,5,3,2,1,8,5,7,9,7,8,1,6,6,1,3,9,4.209302326
148,7,2,4,2,3,2,5,2,4,1,5,1,1,4,1,9,3,3,6,6,6,2,1,4,2,2,5,4,2,6,4,6,5,6,6,4,6,1,6,7,5,6,9,4.093023256
149,6,1,4,3,6,2,6,1,8,1,4,6,1,9,5,5,7,1,3,4,1,6,1,2,1,3,5,5,4,6,5,4,2,5,4,3,5,7,4,6,1,6,1,3.953488372
150,7,8,3,4,2,3,2,8,5,1,2,6,1,9,2,5,7,5,6,5,2,3,1,7,2,2,3,5,4,6,3,5,5,5,8,5,6,6,4,6,2,5,9,4.534883721
151,1,6,4,4,3,2,7,8,5,1,8,6,4,7,1,7,5,3,4,6,6,7,1,7,5,6,6,7,5,5,8,6,3,7,8,4,7,3,1,7,8,3,7,5.093023256
152,6,3,7,6,4,3,3,6,2,2,9,6,3,6,5,4,8,6,4,4,4,4,1,2,4,5,4,6,8,4,7,7,6,7,8,6,2,5,7,5,1,7,9,5.023255814
153,5,4,2,7,3,4,4,2,3,3,5,6,6,3,5,2,6,8,6,4,2,3,1,3,2,6,5,1,7,5,6,7,7,7,7,6,7,7,5,4,1,7,9,4.720930233
154,5,2,6,9,3,1,5,6,8,2,7,6,4,9,1,4,7,2,5,6,5,4,5,1,1,6,4,7,6,7,7,7,6,7,7,5,7,5,5,8,4,3,9,5.209302326
155,3,3,8,9,2,2,6,2,1,4,5,1,4,6,4,2,8,7,5,6,6,3,8,4,5,5,4,7,7,2,5,5,8,6,9,6,6,3,6,4,5,9,9,5.11627907
156,5,2,4,5,4,4,5,1,6,2,5,7,2,8,6,5,6,7,5,4,3,2,1,3,1,2,3,2,3,7,5,5,6,8,3,6,9,6,5,6,1,2,9,4.441860465
157,5,2,2,5,4,4,3,4,1,2,4,6,3,6,5,6,8,5,6,6,3,2,1,5,3,3,1,2,8,4,5,5,8,7,5,6,9,1,4,3,1,8,9,4.418604651
158,8,3,2,8,5,3,6,3,5,2,5,7,6,7,7,3,8,7,7,6,4,1,1,4,1,2,4,3,9,4,8,7,7,7,9,5,2,8,6,1,1,8,9,5.093023256
159,7,6,1,2,7,2,4,2,2,2,5,1,1,9,2,5,4,5,6,4,5,6,1,4,1,1,2,3,4,4,1,7,3,5,7,5,4,5,3,5,3,5,9,3.953488372
160,8,2,3,4,2,2,5,1,5,2,5,6,5,5,7,2,9,2,5,4,3,1,1,3,6,6,4,1,9,5,2,8,5,8,4,5,7,5,8,3,1,6,9,4.511627907
161,6,7,2,5,3,3,6,4,6,3,7,7,6,6,2,9,5,7,9,6,6,4,2,5,3,3,5,7,4,7,8,6,4,6,8,5,9,7,5,9,7,6,9,5.674418605
162,7,3,4,7,2,2,3,4,4,2,7,1,4,3,1,2,5,6,7,4,6,4,1,2,3,3,5,2,8,3,1,7,5,5,5,1,2,3,2,3,1,3,9,3.76744186
163,3,2,4,4,3,2,5,4,3,2,8,7,1,3,1,3,3,2,4,4,4,1,2,3,3,2,2,5,7,6,5,8,4,6,8,4,2,1,8,3,2,8,9,3.976744186
164,7,6,7,4,6,6,1,6,5,3,6,2,2,4,8,4,9,3,6,6,7,7,1,3,2,6,2,5,7,3,2,7,8,6,8,7,5,2,6,5,1,8,9,5.069767442
165,4,4,1,6,3,7,1,6,2,2,5,1,6,3,5,4,8,8,4,4,4,4,1,5,2,2,1,1,8,3,1,7,7,8,7,7,2,2,5,1,1,3,9,4.069767442
166,5,1,2,4,9,5,8,4,6,2,7,6,3,8,5,2,7,1,5,6,3,2,1,3,1,3,4,5,6,7,4,7,5,7,8,5,7,6,7,2,2,2,9,4.697674419
167,3,2,3,5,4,2,6,2,6,2,6,7,6,4,5,4,6,6,4,7,5,3,1,3,2,5,6,1,6,7,4,8,6,7,9,5,8,6,4,8,1,4,9,4.837209302
168,3,1,6,7,4,5,7,2,5,3,6,8,1,5,4,1,6,5,1,6,2,4,1,3,2,4,6,2,7,6,3,6,3,7,9,6,3,5,6,7,1,6,9,4.511627907
169,6,6,7,7,4,3,8,6,9,4,9,8,6,9,7,9,4,6,8,7,5,6,1,5,4,4,5,9,6,6,2,4,7,6,7,6,9,6,2,9,8,8,6,6.139534884
170,4,5,3,3,3,4,5,3,1,2,1,2,1,7,3,4,6,2,4,6,7,3,1,3,1,6,4,2,5,5,3,5,5,7,9,6,8,7,5,5,3,7,9,4.302325581
171,5,8,4,8,3,4,8,3,2,2,3,7,5,3,2,7,3,3,6,6,3,6,1,3,5,4,4,8,8,4,6,6,7,6,4,6,3,6,3,5,5,6,9,4.88372093
172,3,4,3,3,2,2,7,4,3,4,7,8,6,7,2,3,7,8,9,7,7,7,3,4,3,4,3,9,8,3,4,8,6,7,7,6,9,7,7,8,6,8,9,5.627906977
173,7,2,6,4,2,2,7,4,9,3,9,8,7,3,6,8,6,1,7,6,6,3,3,5,2,2,6,8,7,7,5,6,7,8,8,5,2,8,6,2,7,7,1,5.302325581
174,2,1,3,6,1,2,7,6,6,2,2,7,2,7,2,2,8,2,7,6,4,5,1,2,2,3,3,7,5,7,1,5,3,7,8,6,2,6,6,2,5,3,9,4.255813953
175,5,2,7,3,3,4,7,2,7,2,6,6,7,4,1,4,4,4,6,3,1,7,1,3,1,6,6,9,8,5,8,6,5,6,8,4,1,5,5,3,7,4,9,4.76744186
176,6,4,7,8,6,3,4,4,4,5,7,8,8,5,2,4,5,4,9,6,6,6,1,4,2,5,5,9,8,5,7,6,8,6,8,4,6,5,6,8,9,8,9,5.813953488
177,3,7,4,8,2,1,4,7,6,1,7,6,8,7,5,4,7,8,9,6,8,8,1,2,4,5,4,9,9,4,7,7,7,6,9,5,3,5,6,9,2,8,9,5.744186047
178,5,3,6,6,6,5,7,6,4,2,4,6,7,9,7,7,9,8,5,7,6,3,1,5,4,6,6,9,8,8,2,8,7,6,7,6,8,7,4,5,7,6,9,5.976744186
179,3,7,4,6,1,3,7,1,3,3,1,7,8,8,1,8,4,8,8,6,3,6,1,7,2,6,2,9,8,3,3,5,6,7,9,4,5,7,1,9,7,8,9,5.209302326
180,6,6,6,9,4,3,8,4,9,2,8,7,8,4,5,6,6,9,7,7,6,1,1,4,4,8,6,7,8,7,9,7,5,7,7,6,8,4,6,4,6,2,9,5.953488372
181,5,1,2,3,6,5,4,4,4,5,9,6,8,9,1,3,3,9,9,6,3,2,1,3,3,6,1,8,4,4,1,8,5,7,8,8,7,8,3,8,3,4,9,5.023255814
182,4,7,6,8,6,6,7,7,8,6,8,8,8,3,1,3,6,7,9,3,8,6,1,8,2,7,6,3,9,4,8,8,7,5,9,8,9,7,6,8,1,8,9,6.23255814
183,5,8,9,6,6,5,3,4,9,1,8,9,7,7,7,5,4,9,6,7,7,7,1,9,4,9,6,9,9,7,7,7,6,5,6,6,9,4,9,8,6,8,9,6.581395349
184,7,1,6,9,4,4,6,2,7,2,9,9,6,4,7,4,5,3,6,6,3,2,2,6,2,8,6,2,8,7,6,8,5,8,9,7,8,9,6,7,5,2,9,5.627906977
185,8,7,4,6,2,3,6,1,3,3,7,1,4,5,3,7,6,7,6,4,4,4,1,4,2,2,2,1,7,2,6,5,5,8,6,7,2,6,3,4,1,7,7,4.395348837
186,9,3,8,8,4,6,5,6,7,4,8,9,7,4,7,1,8,6,6,7,6,2,1,3,4,9,5,8,8,6,1,7,7,7,6,8,5,7,9,6,5,8,9,6.046511628
187,7,1,6,4,8,5,5,2,5,2,7,7,3,8,7,2,6,5,5,6,6,2,1,2,2,3,3,1,7,6,3,6,7,8,5,5,5,8,6,5,5,6,1,4.744186047
188,8,7,7,9,2,1,6,3,4,3,8,1,2,3,1,2,6,4,3,5,2,2,1,3,1,2,1,5,6,5,1,8,2,6,7,4,2,1,5,8,6,6,9,4.139534884
189,3,6,6,4,2,3,5,1,2,3,5,6,1,8,8,4,8,7,5,4,5,2,1,2,3,7,2,1,4,4,3,8,7,8,7,7,9,8,8,3,1,8,9,4.837209302
190,4,6,7,7,5,4,8,6,7,9,9,8,7,4,7,7,8,6,5,6,7,4,1,3,4,7,5,7,9,5,8,5,7,6,8,7,9,6,6,7,4,7,9,6.302325581
191,7,7,6,7,7,4,7,8,6,4,9,8,2,6,7,6,6,7,9,7,6,7,5,8,5,7,8,7,7,5,9,8,5,8,9,7,9,9,6,7,8,8,9,6.906976744
192,7,1,2,8,3,3,6,1,3,3,7,6,4,6,8,2,4,5,5,6,4,1,1,1,2,2,2,1,4,5,3,7,7,8,6,5,8,8,4,8,1,3,9,4.418604651
193,6,1,8,8,2,2,8,7,5,3,5,5,1,8,1,3,2,2,8,6,1,2,1,9,2,1,2,9,4,5,6,8,5,5,9,6,5,9,6,7,7,2,2,4.744186047
194,9,1,4,6,2,8,3,4,2,3,3,6,7,5,7,2,7,9,8,4,6,5,1,2,3,7,4,1,9,2,6,7,6,7,9,8,8,8,6,3,1,9,9,5.279069767
195,2,7,7,5,2,5,7,8,6,4,3,6,2,9,8,9,4,9,7,5,8,2,5,8,2,7,3,8,7,3,9,8,8,6,9,4,1,1,7,9,5,6,9,5.813953488
196,3,5,4,5,4,4,2,2,6,3,4,7,6,8,7,9,6,5,7,4,6,8,1,3,6,6,4,3,4,4,6,8,7,7,8,8,9,1,8,7,5,8,9,5.511627907
197,7,6,6,5,2,4,7,4,6,2,9,6,2,4,3,8,4,7,7,7,7,5,1,7,2,5,5,8,7,6,7,5,4,7,9,5,9,6,6,5,4,7,9,5.627906977
198,5,8,6,8,4,2,7,3,7,3,9,3,5,9,6,7,7,6,7,4,6,6,6,2,2,7,4,1,8,4,8,6,8,8,9,6,9,7,6,6,1,7,9,5.860465116
199,5,4,5,6,1,2,6,2,1,1,6,6,3,7,2,1,4,4,4,6,2,2,1,2,1,2,2,7,7,4,6,8,3,7,3,6,3,7,5,9,6,7,9,4.302325581
200,3,5,5,9,5,3,4,2,9,4,7,6,3,7,4,6,7,5,7,7,2,1,2,4,5,6,3,3,5,6,4,7,4,7,7,6,6,7,6,4,6,7,9,5.23255814
201,3,1,4,8,1,1,7,3,1,1,5,5,2,2,1,2,3,2,6,6,2,1,2,3,1,2,1,8,6,4,3,8,3,7,1,3,9,7,5,4,3,9,9,3.837209302
202,4,6,6,7,3,6,4,4,8,4,8,6,7,6,5,2,6,4,7,6,5,3,1,3,2,4,3,3,8,6,4,7,3,7,8,5,7,6,6,1,5,7,9,5.162790698
203,7,2,2,8,3,4,7,3,6,3,7,7,4,5,6,2,9,8,7,7,2,2,1,4,2,8,5,8,9,6,7,8,5,8,9,7,4,5,6,3,5,8,9,5.534883721
204,8,1,6,8,4,4,8,2,5,2,3,6,4,3,6,2,8,8,7,7,2,1,1,3,1,3,2,1,4,7,2,8,5,8,9,6,2,6,7,8,2,9,9,4.837209302
205,7,2,2,8,3,4,1,1,3,2,1,6,2,8,8,1,8,7,5,5,1,1,1,1,1,2,3,1,4,5,1,7,5,8,9,4,8,9,5,2,1,2,9,4.046511628
206,7,1,2,5,3,6,6,1,4,2,8,6,3,8,8,2,7,3,6,6,6,1,1,1,2,2,1,1,4,6,3,5,6,8,5,5,9,6,6,6,4,7,7,4.558139535
207,3,3,4,4,2,4,7,4,6,1,4,6,3,8,6,2,7,2,6,6,2,4,1,3,2,1,5,2,5,5,5,7,6,8,9,6,6,8,6,3,1,2,9,4.511627907
208,7,2,5,3,3,5,4,6,1,3,4,7,4,9,7,5,7,8,8,6,3,2,3,3,1,5,2,1,8,4,1,7,7,8,8,6,9,7,5,7,1,9,9,5.11627907
209,5,2,4,6,1,3,5,2,1,2,5,4,1,8,6,1,7,4,7,4,5,1,1,5,2,2,1,2,7,5,1,8,5,7,5,5,7,9,9,4,1,4,9,4.255813953
210,2,1,4,9,3,2,5,2,3,2,1,4,3,8,3,4,8,4,4,5,2,1,2,2,1,1,3,1,2,6,5,7,6,7,9,3,9,9,5,8,1,3,9,4.162790698
211,6,2,8,8,1,4,5,3,5,2,2,6,7,9,2,7,5,4,6,5,3,6,1,3,2,7,5,7,6,4,3,7,5,7,7,6,9,7,7,7,6,6,9,5.279069767
212,4,3,3,5,2,3,5,1,2,1,5,3,2,3,6,1,8,1,6,6,3,2,1,2,2,3,3,1,6,5,1,8,4,8,7,5,8,8,7,3,1,6,9,4.023255814
213,7,1,3,3,6,7,6,1,6,2,7,8,5,4,7,3,7,6,6,6,3,3,1,3,3,4,2,5,8,4,7,8,7,8,6,7,8,9,6,5,3,7,9,5.279069767
214,5,6,3,6,6,3,3,5,7,2,8,4,8,4,3,4,3,6,8,6,6,4,1,7,2,7,6,5,8,5,3,8,5,6,9,5,8,6,6,3,6,4,9,5.325581395
215,4,7,3,8,2,4,7,3,2,6,9,7,4,6,6,3,7,8,6,6,5,3,1,2,5,9,2,7,6,6,7,7,6,6,9,6,6,7,6,7,5,9,9,5.674418605
216,5,5,1,8,4,1,7,2,3,2,2,7,2,4,2,6,6,7,7,4,5,2,7,3,2,2,4,2,3,4,4,7,7,7,8,6,7,1,7,4,8,7,9,4.674418605
217,7,6,6,6,3,7,6,7,8,6,9,7,7,3,3,6,8,8,9,6,8,8,1,6,4,7,5,9,6,6,9,8,7,7,9,8,2,5,7,9,6,9,9,6.581395349
218,7,9,9,8,7,3,9,7,8,4,9,9,7,4,1,9,6,9,9,6,8,8,3,3,7,7,6,9,8,6,7,8,6,6,8,7,9,7,7,8,9,3,9,6.953488372
219,7,1,7,8,2,2,6,2,4,2,8,6,2,3,3,4,4,6,6,6,5,4,1,6,5,4,4,8,5,6,4,9,6,5,7,4,7,3,4,5,6,7,9,4.953488372
220,5,6,8,2,7,3,8,6,9,5,9,8,7,7,2,6,7,6,8,7,6,2,1,5,8,8,8,9,5,6,9,6,2,6,8,7,3,8,6,5,7,6,9,6.186046512
221,6,2,9,8,8,5,9,2,3,8,9,8,4,7,3,9,4,6,8,7,7,1,2,4,3,5,6,7,4,6,9,9,8,6,9,6,9,5,4,9,9,7,9,6.255813953
222,2,9,8,8,6,2,8,2,6,2,8,7,1,8,1,9,4,4,9,7,4,7,1,9,5,8,9,8,8,7,9,7,7,5,6,4,8,6,6,8,8,6,6,6.11627907
223,5,7,2,4,2,2,4,4,6,8,1,2,2,5,6,3,8,3,6,4,2,1,1,2,3,4,3,1,4,4,3,7,6,6,8,7,8,7,5,3,1,8,9,4.348837209
224,6,1,2,5,4,2,6,2,3,3,1,7,6,7,9,2,9,6,8,6,6,2,1,2,2,1,3,5,3,6,4,8,7,8,6,7,9,7,7,4,7,8,9,5.046511628
225,4,7,8,9,2,3,7,2,6,4,8,9,5,3,4,7,4,3,6,6,8,3,6,2,7,9,5,7,7,6,8,7,4,6,7,5,9,7,4,7,6,3,9,5.790697674
226,5,7,7,8,6,5,9,7,9,4,8,9,8,6,8,4,9,7,9,7,7,8,5,4,6,9,7,7,9,8,8,4,5,8,9,8,9,8,8,6,3,7,9,7.069767442
227,4,3,6,8,5,4,7,2,5,3,4,6,5,5,5,2,8,4,5,7,7,2,1,4,6,6,2,1,6,5,5,8,7,8,8,6,9,6,9,1,5,4,8,5.162790698
228,4,4,2,4,5,3,6,2,5,3,5,7,2,7,2,7,4,4,6,7,5,6,1,3,2,5,4,8,8,6,4,7,5,6,6,5,1,8,6,7,6,8,9,5
229,5,2,5,5,7,3,5,1,6,1,9,6,1,6,7,3,7,4,5,4,6,3,1,1,1,6,2,3,4,5,1,7,7,7,3,4,8,7,7,3,3,2,9,4.465116279
230,9,1,3,8,4,3,5,7,3,3,1,1,1,9,2,3,5,3,3,6,7,1,1,3,1,5,1,3,4,5,6,7,4,7,7,5,6,7,4,3,1,3,9,4.186046512
231,8,6,7,8,3,3,7,7,9,4,9,3,8,4,3,6,3,7,9,6,2,6,1,3,3,6,6,7,7,7,5,7,6,6,8,4,2,3,2,3,1,5,9,5.325581395
232,4,1,6,6,4,5,7,4,3,3,7,7,2,4,6,5,9,4,4,6,2,5,5,3,6,4,2,9,6,7,6,8,6,8,9,7,1,9,6,5,2,8,9,5.348837209
233,4,1,3,8,4,3,2,2,5,3,3,7,2,4,5,2,5,3,5,6,2,1,2,3,2,2,3,5,2,6,3,6,6,7,8,5,7,8,6,3,4,7,9,4.279069767
234,3,3,6,8,3,4,2,1,5,2,4,7,2,3,6,2,6,7,5,6,2,2,1,2,3,5,4,2,3,7,5,6,6,7,5,7,3,5,7,3,1,3,9,4.255813953
235,4,4,3,2,2,4,8,2,1,1,5,7,2,4,1,6,4,4,7,6,5,6,1,3,2,6,5,8,5,6,6,7,2,5,3,4,8,6,6,6,1,6,9,4.488372093
236,3,6,1,6,7,1,4,4,6,3,7,2,3,4,1,8,3,7,7,3,5,8,6,2,1,5,4,4,2,5,2,8,6,5,9,3,9,7,6,8,7,4,9,4.906976744
237,4,7,4,3,6,2,4,1,5,1,9,1,5,9,3,9,3,5,6,5,3,7,1,2,1,3,6,6,5,5,5,8,5,5,9,4,6,2,6,7,6,3,9,4.790697674
238,4,2,4,6,6,3,8,3,2,5,8,6,4,8,3,9,5,9,4,6,9,2,1,6,2,7,4,9,5,4,6,8,8,6,9,6,9,5,8,5,6,8,9,5.744186047
