phase,method_id,dataset,representation,category,target,mode,rater,objective,N,seed,train_examples,validation_examples,test_examples,train_pairs,validation_pairs,test_pairs,epochs_trained,best_epoch,pair_accuracy,mae,mse,r2,pearson,spearman,kendall
locked_method_evaluation,shallow-mse-z-gelu-ln-rawclip,sidhu,clip-vit-b32,abstract,beauty,cross,4,regression,,0,140,20,79,0,0,790,25,5,0.5810126582278481,1.7396522760391235,4.135861396789551,-0.08271432878798812,0.23460790878743865,0.22286939420686652,0.16110798377358446
locked_method_evaluation,shallow-mse-z-gelu-ln-rawclip,sidhu,clip-vit-b32,abstract,beauty,cross,4,regression,,1,140,20,79,0,0,790,96,76,0.6620253164556962,1.6070712804794312,3.5542802810668945,0.08504090816081489,0.3673896224809141,0.41362455632329104,0.3132282645231083
locked_method_evaluation,shallow-mse-z-gelu-ln-rawclip,sidhu,clip-vit-b32,abstract,beauty,cross,4,regression,,2,140,20,79,0,0,790,35,15,0.5772151898734177,1.7200945615768433,4.25001335144043,0.02605818936446702,0.25500375999399694,0.18706213765039148,0.1367760776756774
locked_method_evaluation,shallow-mse-z-gelu-ln-rawclip,sidhu,clip-vit-b32,abstract,beauty,cross,4,regression,,3,140,20,79,0,0,790,57,37,0.569620253164557,1.6117523908615112,3.733222723007202,-0.16320735612631676,0.27571079713015934,0.22467256833755608,0.16798831710079154
locked_method_evaluation,shallow-mse-z-gelu-ln-rawclip,sidhu,clip-vit-b32,abstract,beauty,cross,4,regression,,4,140,20,79,0,0,790,37,17,0.6443037974683544,1.7438775300979614,4.228226661682129,0.06952174426877478,0.38958915906914626,0.34386482983747224,0.24581106001415717
locked_method_evaluation,shallow-mse-z-gelu-ln-rawclip,sidhu,clip-vit-b32,abstract,beauty,cross,4,regression,,5,140,20,79,0,0,790,29,9,0.5569620253164557,1.9080798625946045,4.353786468505859,0.030403081594193027,0.22087739821290597,0.1896983014774217,0.14122821843232855
locked_method_evaluation,shallow-mse-z-gelu-ln-rawclip,sidhu,clip-vit-b32,abstract,beauty,cross,4,regression,,6,140,20,79,0,0,790,34,14,0.5215189873417722,1.7405949831008911,4.411759853363037,-0.013837382746113125,0.16952804052561987,0.11646356394082646,0.08022118523898697
locked_method_evaluation,shallow-mse-z-gelu-ln-rawclip,sidhu,clip-vit-b32,abstract,beauty,cross,4,regression,,7,140,20,79,0,0,790,81,61,0.6177215189873417,1.7135241031646729,4.236268997192383,0.025486409008822264,0.3423336036321416,0.30073367215723806,0.21474743921936013
locked_method_evaluation,shallow-mse-z-gelu-ln-rawclip,sidhu,clip-vit-b32,abstract,beauty,cross,4,regression,,8,140,20,79,0,0,790,59,39,0.6164556962025316,1.7261319160461426,4.222675800323486,0.17105813651426605,0.42249475806602277,0.36331807226150026,0.26369858488117415
locked_method_evaluation,shallow-mse-z-gelu-ln-rawclip,sidhu,clip-vit-b32,abstract,beauty,cross,4,regression,,9,140,20,79,0,0,790,64,44,0.6784810126582278,1.6949669122695923,4.007208824157715,0.23053997573678542,0.5059261511050863,0.4227787776645969,0.3214618511013184
locked_method_evaluation,shallow-mse-z-gelu-ln-rawclip,sidhu,clip-vit-b32,abstract,beauty,cross,4,hinge,1,0,140,20,79,140,20,790,26,6,0.5443037974683544,1.6604759693145752,4.00787878036499,-0.049210278292134646,0.19437024850049056,0.12126227128744306,0.08335586986546326
locked_method_evaluation,shallow-mse-z-gelu-ln-rawclip,sidhu,clip-vit-b32,abstract,beauty,cross,4,hinge,1,1,140,20,79,140,20,790,25,1,0.5873417721518988,1.7439345121383667,4.233737945556641,-0.08986795402065617,0.23738396450062282,0.23844224624556465,0.17308139001612477
locked_method_evaluation,shallow-mse-z-gelu-ln-rawclip,sidhu,clip-vit-b32,abstract,beauty,cross,4,hinge,1,2,140,20,79,140,20,790,25,1,0.5582278481012658,2.040459632873535,6.234272480010986,-0.4286588592048195,0.2031454940633921,0.1259320892422766,0.09141666416078438
locked_method_evaluation,shallow-mse-z-gelu-ln-rawclip,sidhu,clip-vit-b32,abstract,beauty,cross,4,hinge,1,3,140,20,79,140,20,790,30,10,0.5063291139240507,1.5480612516403198,3.519777297973633,-0.09670145162594546,0.11223723191142199,0.052368314050033046,0.030061067270667957
locked_method_evaluation,shallow-mse-z-gelu-ln-rawclip,sidhu,clip-vit-b32,abstract,beauty,cross,4,hinge,1,4,140,20,79,140,20,790,34,14,0.589873417721519,1.7444897890090942,4.278759956359863,0.058401246121136285,0.34954712404022104,0.25506558566324833,0.17557932858154085
locked_method_evaluation,shallow-mse-z-gelu-ln-rawclip,sidhu,clip-vit-b32,abstract,beauty,cross,4,hinge,1,5,140,20,79,140,20,790,25,2,0.5670886075949367,2.0748021602630615,5.959372043609619,-0.3271639523911185,0.22683965133910533,0.18914366412010347,0.1342367224703321
locked_method_evaluation,shallow-mse-z-gelu-ln-rawclip,sidhu,clip-vit-b32,abstract,beauty,cross,4,hinge,1,6,140,20,79,140,20,790,25,3,0.5265822784810127,1.8318982124328613,5.3546342849731445,-0.23051292276581248,0.13517110072280047,0.10312211696093276,0.08161633628662152
locked_method_evaluation,shallow-mse-z-gelu-ln-rawclip,sidhu,clip-vit-b32,abstract,beauty,cross,4,hinge,1,7,140,20,79,140,20,790,25,4,0.6329113924050633,1.6807206869125366,3.8053395748138428,0.12461757393093043,0.35589091990186716,0.3622926713994379,0.2599208487638857
locked_method_evaluation,shallow-mse-z-gelu-ln-rawclip,sidhu,clip-vit-b32,abstract,beauty,cross,4,hinge,1,8,140,20,79,140,20,790,55,35,0.6139240506329114,1.8530724048614502,4.862118244171143,0.045531003467551456,0.34799932183523197,0.3296474493989228,0.23177717723766358
locked_method_evaluation,shallow-mse-z-gelu-ln-rawclip,sidhu,clip-vit-b32,abstract,beauty,cross,4,hinge,1,9,140,20,79,140,20,790,43,23,0.620253164556962,1.8734716176986694,4.614499092102051,0.11392870093293062,0.3557085932989139,0.27981797187105023,0.19455066476630767
locked_method_evaluation,shallow-mse-z-gelu-ln-rawclip,sidhu,clip-vit-b32,abstract,beauty,cross,4,hinge,2,0,140,20,79,280,40,790,58,38,0.5607594936708861,1.6334642171859741,3.990086078643799,-0.04455236678726182,0.23320378792595875,0.17346624664531562,0.12188169207218998
locked_method_evaluation,shallow-mse-z-gelu-ln-rawclip,sidhu,clip-vit-b32,abstract,beauty,cross,4,hinge,2,1,140,20,79,280,40,790,33,13,0.6544303797468355,1.6678718328475952,4.228264808654785,-0.08845906074687981,0.3640928842141875,0.3737156860494083,0.28169521775903705
locked_method_evaluation,shallow-mse-z-gelu-ln-rawclip,sidhu,clip-vit-b32,abstract,beauty,cross,4,hinge,2,2,140,20,79,280,40,790,25,1,0.5632911392405063,1.8538459539413452,5.108291149139404,-0.17062672414946944,0.30673948184994515,0.2280824825708943,0.1639917257846132
locked_method_evaluation,shallow-mse-z-gelu-ln-rawclip,sidhu,clip-vit-b32,abstract,beauty,cross,4,hinge,2,3,140,20,79,280,40,790,47,27,0.5645569620253165,1.547820806503296,3.3116490840911865,-0.03185215285610088,0.22198060720984358,0.18610493265334363,0.13545163252548034
locked_method_evaluation,shallow-mse-z-gelu-ln-rawclip,sidhu,clip-vit-b32,abstract,beauty,cross,4,hinge,2,4,140,20,79,280,40,790,25,3,0.6341772151898735,1.7795029878616333,4.341128349304199,0.0446761102586275,0.40150218079725164,0.36427745919662946,0.26736733401822754
locked_method_evaluation,shallow-mse-z-gelu-ln-rawclip,sidhu,clip-vit-b32,abstract,beauty,cross,4,hinge,2,5,140,20,79,280,40,790,26,6,0.5911392405063292,1.8150213956832886,4.570364475250244,-0.017829193708932323,0.2527328483920428,0.24773801960211653,0.17478739904991158
locked_method_evaluation,shallow-mse-z-gelu-ln-rawclip,sidhu,clip-vit-b32,abstract,beauty,cross,4,hinge,2,6,140,20,79,280,40,790,33,13,0.5113924050632911,1.890859842300415,5.632413387298584,-0.2943475290523634,0.11943845042696921,0.038940271378987985,0.012556359428711002
locked_method_evaluation,shallow-mse-z-gelu-ln-rawclip,sidhu,clip-vit-b32,abstract,beauty,cross,4,hinge,2,7,140,20,79,280,40,790,29,9,0.620253164556962,1.6677829027175903,3.7982726097106934,0.12624328210869962,0.3600495205137122,0.31655399050765154,0.2328168030371704
locked_method_evaluation,shallow-mse-z-gelu-ln-rawclip,sidhu,clip-vit-b32,abstract,beauty,cross,4,hinge,2,8,140,20,79,280,40,790,52,32,0.6379746835443038,1.8045480251312256,4.580164432525635,0.10088049294043766,0.4108362789156672,0.3584359549216744,0.2609228103034776
locked_method_evaluation,shallow-mse-z-gelu-ln-rawclip,sidhu,clip-vit-b32,abstract,beauty,cross,4,hinge,2,9,140,20,79,280,40,790,34,14,0.6873417721518987,1.7483943700790405,4.0723395347595215,0.2180336319897117,0.4795983224757947,0.4375384882506652,0.3228564795225823
locked_method_evaluation,shallow-mse-z-gelu-ln-rawclip,sidhu,clip-vit-b32,abstract,beauty,cross,4,hinge,3,0,140,20,79,420,60,790,59,39,0.5329113924050632,1.731671929359436,4.692647457122803,-0.22847357306105764,0.18151803042928805,0.11591972311208054,0.08685821733880204
locked_method_evaluation,shallow-mse-z-gelu-ln-rawclip,sidhu,clip-vit-b32,abstract,beauty,cross,4,hinge,3,1,140,20,79,420,60,790,57,37,0.6265822784810127,1.8135871887207031,4.850525856018066,-0.24864439362037483,0.26922486840339843,0.27065784032207246,0.1948041555647072
locked_method_evaluation,shallow-mse-z-gelu-ln-rawclip,sidhu,clip-vit-b32,abstract,beauty,cross,4,hinge,3,2,140,20,79,420,60,790,25,2,0.6126582278481013,1.7864569425582886,4.771088123321533,-0.09335246395927421,0.35089448419603286,0.27355111361825246,0.1967900709415359
locked_method_evaluation,shallow-mse-z-gelu-ln-rawclip,sidhu,clip-vit-b32,abstract,beauty,cross,4,hinge,3,3,140,20,79,420,60,790,31,11,0.5784810126582278,1.598719596862793,3.636625289916992,-0.1331093480626604,0.2269808152159385,0.16799695736258533,0.12767112099660158
locked_method_evaluation,shallow-mse-z-gelu-ln-rawclip,sidhu,clip-vit-b32,abstract,beauty,cross,4,hinge,3,4,140,20,79,420,60,790,60,40,0.6379746835443038,1.6476645469665527,4.07911491394043,0.10233586127167105,0.410310916862727,0.3599463889528541,0.2659766066631262
locked_method_evaluation,shallow-mse-z-gelu-ln-rawclip,sidhu,clip-vit-b32,abstract,beauty,cross,4,hinge,3,5,140,20,79,420,60,790,67,47,0.6012658227848101,1.889984369277954,4.966624736785889,-0.10607715555586972,0.2634334737122117,0.23925823067245205,0.16779590308791514
locked_method_evaluation,shallow-mse-z-gelu-ln-rawclip,sidhu,clip-vit-b32,abstract,beauty,cross,4,hinge,3,6,140,20,79,420,60,790,30,10,0.5468354430379747,1.7632524967193604,4.928009033203125,-0.13247303439440739,0.2522497809804918,0.15302627366965796,0.10672905514404352
locked_method_evaluation,shallow-mse-z-gelu-ln-rawclip,sidhu,clip-vit-b32,abstract,beauty,cross,4,hinge,3,7,140,20,79,420,60,790,34,14,0.5759493670886076,1.6893870830535889,3.978614091873169,0.08475754075002395,0.31983593667973764,0.2854300360546608,0.20293285518463805
locked_method_evaluation,shallow-mse-z-gelu-ln-rawclip,sidhu,clip-vit-b32,abstract,beauty,cross,4,hinge,3,8,140,20,79,420,60,790,40,20,0.6468354430379747,1.7950810194015503,4.563785076141357,0.10409592686878777,0.42258008421049453,0.36146114601889645,0.2546773175036603
locked_method_evaluation,shallow-mse-z-gelu-ln-rawclip,sidhu,clip-vit-b32,abstract,beauty,cross,4,hinge,3,9,140,20,79,420,60,790,25,5,0.6873417721518987,1.7275372743606567,3.9129769802093506,0.2486341998424385,0.5317747644294286,0.4885254584038751,0.3688792174242895
locked_method_evaluation,shallow-mse-z-gelu-ln-rawclip,sidhu,clip-vit-b32,abstract,beauty,cross,4,hinge,4,0,140,20,79,560,80,790,28,8,0.5848101265822785,1.6425553560256958,4.1734232902526855,-0.09254774503471852,0.2542733970376503,0.2110614990479244,0.15340281933223912
locked_method_evaluation,shallow-mse-z-gelu-ln-rawclip,sidhu,clip-vit-b32,abstract,beauty,cross,4,hinge,4,1,140,20,79,560,80,790,34,14,0.6113924050632912,1.8344972133636475,4.94263219833374,-0.27235471101044717,0.2791671687591588,0.28536629946224606,0.2074173742703357
locked_method_evaluation,shallow-mse-z-gelu-ln-rawclip,sidhu,clip-vit-b32,abstract,beauty,cross,4,hinge,4,2,140,20,79,560,80,790,25,2,0.5987341772151898,1.8216958045959473,4.7775421142578125,-0.09483142945059742,0.35616898008629505,0.295065539040661,0.21074681356150296
locked_method_evaluation,shallow-mse-z-gelu-ln-rawclip,sidhu,clip-vit-b32,abstract,beauty,cross,4,hinge,4,3,140,20,79,560,80,790,26,6,0.5455696202531646,1.7041666507720947,4.004708766937256,-0.24779758438687094,0.21388005121116294,0.12442889651264057,0.08876856335220774
locked_method_evaluation,shallow-mse-z-gelu-ln-rawclip,sidhu,clip-vit-b32,abstract,beauty,cross,4,hinge,4,4,140,20,79,560,80,790,25,1,0.6329113924050633,1.6486961841583252,3.910764694213867,0.13938355174467676,0.42283586763369385,0.34402478413624804,0.25415542414476505
locked_method_evaluation,shallow-mse-z-gelu-ln-rawclip,sidhu,clip-vit-b32,abstract,beauty,cross,4,hinge,4,5,140,20,79,560,80,790,34,14,0.5607594936708861,1.9286227226257324,5.256712913513184,-0.17068045523697917,0.22801753316889517,0.2266248242002048,0.16360100551071727
locked_method_evaluation,shallow-mse-z-gelu-ln-rawclip,sidhu,clip-vit-b32,abstract,beauty,cross,4,hinge,4,6,140,20,79,560,80,790,25,1,0.5265822784810127,1.858520269393921,5.33483362197876,-0.22596269112342826,0.14985345293825958,0.049719372124516145,0.02650786990505656
locked_method_evaluation,shallow-mse-z-gelu-ln-rawclip,sidhu,clip-vit-b32,abstract,beauty,cross,4,hinge,4,7,140,20,79,560,80,790,32,12,0.6506329113924051,1.6762925386428833,3.8948581218719482,0.1040246523452949,0.3517768440360669,0.34017375040873543,0.2474112891977094
locked_method_evaluation,shallow-mse-z-gelu-ln-rawclip,sidhu,clip-vit-b32,abstract,beauty,cross,4,hinge,4,8,140,20,79,560,80,790,53,33,0.6265822784810127,1.7356420755386353,4.390073299407959,0.13819671094391794,0.4299536018370418,0.3875810886632042,0.27757745776965703
locked_method_evaluation,shallow-mse-z-gelu-ln-rawclip,sidhu,clip-vit-b32,abstract,beauty,cross,4,hinge,4,9,140,20,79,560,80,790,25,5,0.6556962025316456,1.765942096710205,4.1404619216918945,0.2049528078956374,0.4533291836560238,0.3792394810234884,0.27613642741024313
locked_method_evaluation,shallow-mse-z-gelu-ln-rawclip,sidhu,clip-vit-b32,abstract,beauty,cross,4,hinge,5,0,140,20,79,700,100,790,34,14,0.5658227848101266,1.6572601795196533,4.185652732849121,-0.0957490545669597,0.2540443198813591,0.17101089540536843,0.12328263106152548
locked_method_evaluation,shallow-mse-z-gelu-ln-rawclip,sidhu,clip-vit-b32,abstract,beauty,cross,4,hinge,5,1,140,20,79,700,100,790,27,7,0.6126582278481013,1.7213366031646729,4.317108631134033,-0.11132953676218427,0.2805381388461683,0.26510980460281164,0.19340268681963738
locked_method_evaluation,shallow-mse-z-gelu-ln-rawclip,sidhu,clip-vit-b32,abstract,beauty,cross,4,hinge,5,2,140,20,79,700,100,790,25,2,0.6075949367088608,1.7598508596420288,4.52081823348999,-0.03599991455886831,0.3603603440860752,0.2946958753736093,0.21074681356150296
locked_method_evaluation,shallow-mse-z-gelu-ln-rawclip,sidhu,clip-vit-b32,abstract,beauty,cross,4,hinge,5,3,140,20,79,700,100,790,35,15,0.5253164556962026,1.6234022378921509,3.6664819717407227,-0.14241215378349947,0.19710471489815973,0.07165213189213929,0.06047579415628496
locked_method_evaluation,shallow-mse-z-gelu-ln-rawclip,sidhu,clip-vit-b32,abstract,beauty,cross,4,hinge,5,4,140,20,79,700,100,790,25,3,0.6075949367088608,1.6971030235290527,4.237645149230957,0.06744921805396842,0.3516365642844903,0.2992006679485388,0.21660578555702958
locked_method_evaluation,shallow-mse-z-gelu-ln-rawclip,sidhu,clip-vit-b32,abstract,beauty,cross,4,hinge,5,5,140,20,79,700,100,790,28,8,0.610126582278481,1.7781304121017456,4.6741180419921875,-0.04093535536071968,0.2910687621042598,0.2883374741578067,0.20904572926369427
locked_method_evaluation,shallow-mse-z-gelu-ln-rawclip,sidhu,clip-vit-b32,abstract,beauty,cross,4,hinge,5,6,140,20,79,700,100,790,25,1,0.520253164556962,1.8775840997695923,5.391425132751465,-0.23896769847209676,0.1720294877180777,0.10701491220160349,0.06696725028645868
locked_method_evaluation,shallow-mse-z-gelu-ln-rawclip,sidhu,clip-vit-b32,abstract,beauty,cross,4,hinge,5,7,140,20,79,700,100,790,25,4,0.6037974683544304,1.6525890827178955,3.7927134037017822,0.12752214825751995,0.3572467543381208,0.30523618888838217,0.225867047722628
locked_method_evaluation,shallow-mse-z-gelu-ln-rawclip,sidhu,clip-vit-b32,abstract,beauty,cross,4,hinge,5,8,140,20,79,700,100,790,52,32,0.6329113924050633,1.7999634742736816,4.621196269989014,0.09282564085954803,0.37345319043743075,0.34086279200325836,0.23941055732632918
locked_method_evaluation,shallow-mse-z-gelu-ln-rawclip,sidhu,clip-vit-b32,abstract,beauty,cross,4,hinge,5,9,140,20,79,700,100,790,37,17,0.6670886075949367,1.694899559020996,4.130492687225342,0.20686711323952933,0.45586008396639954,0.42360492687868767,0.31518602320563105
locked_method_evaluation,shallow-mse-z-gelu-ln-rawclip,sidhu,clip-vit-b32,abstract,beauty,cross,4,hinge,6,0,140,20,79,840,100,790,34,14,0.5481012658227848,1.723238229751587,4.5567779541015625,-0.1929049506324758,0.16769148781168042,0.12529694392795931,0.09036056481214085
locked_method_evaluation,shallow-mse-z-gelu-ln-rawclip,sidhu,clip-vit-b32,abstract,beauty,cross,4,hinge,6,1,140,20,79,840,100,790,35,15,0.6075949367088608,1.795465350151062,4.7407636642456055,-0.2203889924587199,0.28362168889361783,0.2756634014376722,0.1983078274273818
locked_method_evaluation,shallow-mse-z-gelu-ln-rawclip,sidhu,clip-vit-b32,abstract,beauty,cross,4,hinge,6,2,140,20,79,840,100,790,25,1,0.6139240506329114,1.7563881874084473,4.539757251739502,-0.040340404951765496,0.3745912472368218,0.32079413026745884,0.22261004478847496
locked_method_evaluation,shallow-mse-z-gelu-ln-rawclip,sidhu,clip-vit-b32,abstract,beauty,cross,4,hinge,6,3,140,20,79,840,100,790,25,4,0.5569620253164557,1.6086434125900269,3.552232503890991,-0.10681398552260446,0.23650455313327257,0.17187104913702644,0.1248418440770093
locked_method_evaluation,shallow-mse-z-gelu-ln-rawclip,sidhu,clip-vit-b32,abstract,beauty,cross,4,hinge,6,4,140,20,79,840,100,790,43,23,0.6367088607594936,1.63555908203125,4.271342754364014,0.06003337084139326,0.388006300690904,0.31148023642378825,0.22703624072028944
locked_method_evaluation,shallow-mse-z-gelu-ln-rawclip,sidhu,clip-vit-b32,abstract,beauty,cross,4,hinge,6,5,140,20,79,840,100,790,25,3,0.6481012658227848,1.6996357440948486,4.216869831085205,0.060894913933145944,0.3753697395713971,0.39011959186299466,0.2950411295962508
locked_method_evaluation,shallow-mse-z-gelu-ln-rawclip,sidhu,clip-vit-b32,abstract,beauty,cross,4,hinge,6,6,140,20,79,840,100,790,42,22,0.5455696202531646,1.870947003364563,5.4107184410095215,-0.24340133940016995,0.21251902509538922,0.13282315912946804,0.09207996914388068
locked_method_evaluation,shallow-mse-z-gelu-ln-rawclip,sidhu,clip-vit-b32,abstract,beauty,cross,4,hinge,6,7,140,20,79,840,100,790,44,24,0.6417721518987342,1.6262245178222656,3.699117422103882,0.14905298999045669,0.3963769063411746,0.367262662545291,0.27451533492442476
locked_method_evaluation,shallow-mse-z-gelu-ln-rawclip,sidhu,clip-vit-b32,abstract,beauty,cross,4,hinge,6,8,140,20,79,840,100,790,31,11,0.6253164556962025,1.755656123161316,4.408109664916992,0.13465616543977899,0.42118808765735594,0.3754311341751741,0.26300464123675005
locked_method_evaluation,shallow-mse-z-gelu-ln-rawclip,sidhu,clip-vit-b32,abstract,beauty,cross,4,hinge,6,9,140,20,79,840,100,790,27,7,0.6569620253164556,1.6266738176345825,3.9669063091278076,0.23827893151399604,0.48962268909963313,0.42508459711288,0.3172779658375268
locked_method_evaluation,shallow-mse-z-gelu-ln-rawclip,sidhu,clip-vit-b32,abstract,beauty,cross,4,hinge,7,0,140,20,79,980,100,790,28,8,0.5670886075949367,1.6976828575134277,4.421643257141113,-0.1575282716258617,0.22913267787953373,0.18570598749972583,0.13449014297620962
locked_method_evaluation,shallow-mse-z-gelu-ln-rawclip,sidhu,clip-vit-b32,abstract,beauty,cross,4,hinge,7,1,140,20,79,980,100,790,25,3,0.6455696202531646,1.636582612991333,4.099757194519043,-0.05537790708964119,0.37270415803686774,0.3893241598729287,0.2887025614843862
locked_method_evaluation,shallow-mse-z-gelu-ln-rawclip,sidhu,clip-vit-b32,abstract,beauty,cross,4,hinge,7,2,140,20,79,980,100,790,25,2,0.6075949367088608,1.8615272045135498,5.047418117523193,-0.15667689973635968,0.30541320344491396,0.24591259344502095,0.17445928274958855
locked_method_evaluation,shallow-mse-z-gelu-ln-rawclip,sidhu,clip-vit-b32,abstract,beauty,cross,4,hinge,7,3,140,20,79,980,100,790,25,1,0.5594936708860759,1.6758232116699219,3.8618156909942627,-0.20327479461110176,0.24250060592567024,0.15620139997906338,0.11564669408833439
locked_method_evaluation,shallow-mse-z-gelu-ln-rawclip,sidhu,clip-vit-b32,abstract,beauty,cross,4,hinge,7,4,140,20,79,980,100,790,46,26,0.6,1.6703485250473022,4.248574256896973,0.06504401105824464,0.37236379239220696,0.3026335332838039,0.22495014968763746
locked_method_evaluation,shallow-mse-z-gelu-ln-rawclip,sidhu,clip-vit-b32,abstract,beauty,cross,4,hinge,7,5,140,20,79,980,100,790,27,7,0.5873417721518988,1.9032384157180786,5.161784648895264,-0.14953962200589221,0.2558415583553142,0.24092214274440657,0.17758399743471015
locked_method_evaluation,shallow-mse-z-gelu-ln-rawclip,sidhu,clip-vit-b32,abstract,beauty,cross,4,hinge,7,6,140,20,79,980,100,790,32,12,0.5430379746835443,1.8926934003829956,5.499948501586914,-0.2639066831777026,0.15775945622954168,0.1001778825858685,0.062084221619737735
locked_method_evaluation,shallow-mse-z-gelu-ln-rawclip,sidhu,clip-vit-b32,abstract,beauty,cross,4,hinge,7,7,140,20,79,980,100,790,25,5,0.5924050632911393,1.6963467597961426,3.943027973175049,0.09294369656197055,0.323603708508017,0.26563618517922116,0.18764339349264478
locked_method_evaluation,shallow-mse-z-gelu-ln-rawclip,sidhu,clip-vit-b32,abstract,beauty,cross,4,hinge,7,8,140,20,79,980,100,790,26,6,0.620253164556962,1.7781362533569336,4.496755123138428,0.11725438824685619,0.38266706983631593,0.34916362123344086,0.24704393741499475
locked_method_evaluation,shallow-mse-z-gelu-ln-rawclip,sidhu,clip-vit-b32,abstract,beauty,cross,4,hinge,7,9,140,20,79,980,100,790,39,19,0.6746835443037975,1.6532683372497559,3.985847234725952,0.23464180009904845,0.48460640881967265,0.44253237529106426,0.33540813531395697
locked_method_evaluation,shallow-mse-z-gelu-ln-rawclip,sidhu,clip-vit-b32,abstract,beauty,cross,4,hinge,8,0,140,20,79,1120,100,790,41,21,0.5594936708860759,1.6879767179489136,4.428372383117676,-0.15929021154100953,0.22985374454583507,0.18897567633684148,0.1435962464068905
locked_method_evaluation,shallow-mse-z-gelu-ln-rawclip,sidhu,clip-vit-b32,abstract,beauty,cross,4,hinge,8,1,140,20,79,1120,100,790,25,3,0.6278481012658228,1.8221348524093628,4.957507133483887,-0.2761839748152126,0.29243192383154337,0.2891512927196085,0.21022031176047543
locked_method_evaluation,shallow-mse-z-gelu-ln-rawclip,sidhu,clip-vit-b32,abstract,beauty,cross,4,hinge,8,2,140,20,79,1120,100,790,25,2,0.579746835443038,1.879026174545288,5.0833868980407715,-0.16491952275935273,0.28669811152940383,0.22512517323448075,0.15491984308163465
locked_method_evaluation,shallow-mse-z-gelu-ln-rawclip,sidhu,clip-vit-b32,abstract,beauty,cross,4,hinge,8,3,140,20,79,1120,100,790,25,2,0.5721518987341773,1.5773272514343262,3.4564974308013916,-0.07698454116662523,0.28085510895743937,0.17829486265439048,0.13332967483578614
locked_method_evaluation,shallow-mse-z-gelu-ln-rawclip,sidhu,clip-vit-b32,abstract,beauty,cross,4,hinge,8,4,140,20,79,1120,100,790,25,1,0.6177215189873417,1.6878737211227417,4.024260520935059,0.11440730204510596,0.4233539614156143,0.33920154681931636,0.24581106001415717
locked_method_evaluation,shallow-mse-z-gelu-ln-rawclip,sidhu,clip-vit-b32,abstract,beauty,cross,4,hinge,8,5,140,20,79,1120,100,790,62,42,0.6177215189873417,1.8158098459243774,4.909143924713135,-0.09327603944130414,0.28239873531492776,0.27563011603791704,0.1992576349168992
locked_method_evaluation,shallow-mse-z-gelu-ln-rawclip,sidhu,clip-vit-b32,abstract,beauty,cross,4,hinge,8,6,140,20,79,1120,100,790,26,6,0.520253164556962,1.8541988134384155,5.4887847900390625,-0.26134122979722463,0.14785750808368903,0.07943273326533203,0.05720119295301679
locked_method_evaluation,shallow-mse-z-gelu-ln-rawclip,sidhu,clip-vit-b32,abstract,beauty,cross,4,hinge,8,7,140,20,79,1120,100,790,29,9,0.6050632911392405,1.7217658758163452,4.074633598327637,0.0626690509434441,0.29817535808251705,0.27163954082074665,0.19042329561846175
locked_method_evaluation,shallow-mse-z-gelu-ln-rawclip,sidhu,clip-vit-b32,abstract,beauty,cross,4,hinge,8,8,140,20,79,1120,100,790,26,6,0.6417721518987342,1.7446706295013428,4.443531036376953,0.12770261676946593,0.40622535525471903,0.3721599925822428,0.2706380213254156
locked_method_evaluation,shallow-mse-z-gelu-ln-rawclip,sidhu,clip-vit-b32,abstract,beauty,cross,4,hinge,8,9,140,20,79,1120,100,790,35,15,0.6708860759493671,1.7057825326919556,4.039690017700195,0.22430282677390123,0.47926740461116424,0.4468727413113618,0.3388947063671166
locked_method_evaluation,shallow-mse-z-gelu-ln-rawclip,sidhu,clip-vit-b32,abstract,beauty,cross,4,hinge,9,0,140,20,79,1260,100,790,44,24,0.5645569620253165,1.6764787435531616,4.248809814453125,-0.11228272545087181,0.22306031666812487,0.18770481614732107,0.1400938989335517
locked_method_evaluation,shallow-mse-z-gelu-ln-rawclip,sidhu,clip-vit-b32,abstract,beauty,cross,4,hinge,9,1,140,20,79,1260,100,790,25,5,0.6303797468354431,1.7014073133468628,4.434428691864014,-0.14153079565221915,0.32562741703441134,0.33732057173105734,0.24385556164215147
locked_method_evaluation,shallow-mse-z-gelu-ln-rawclip,sidhu,clip-vit-b32,abstract,beauty,cross,4,hinge,9,2,140,20,79,1260,100,790,28,8,0.6075949367088608,1.8597511053085327,4.899099826812744,-0.12268788408063425,0.3028252889489522,0.2798477180803663,0.19469655954854082
locked_method_evaluation,shallow-mse-z-gelu-ln-rawclip,sidhu,clip-vit-b32,abstract,beauty,cross,4,hinge,9,3,140,20,79,1260,100,790,25,5,0.5481012658227848,1.6908525228500366,3.8821895122528076,-0.20962275553974452,0.2120975031693888,0.08860901921157802,0.06684166722536758
locked_method_evaluation,shallow-mse-z-gelu-ln-rawclip,sidhu,clip-vit-b32,abstract,beauty,cross,4,hinge,9,4,140,20,79,1260,100,790,25,1,0.6088607594936709,1.685040831565857,4.06135368347168,0.10624445016042261,0.4050884651733213,0.30072638587532324,0.21521505820192827
locked_method_evaluation,shallow-mse-z-gelu-ln-rawclip,sidhu,clip-vit-b32,abstract,beauty,cross,4,hinge,9,5,140,20,79,1260,100,790,31,11,0.6025316455696202,1.870985746383667,5.135070323944092,-0.14359036754035137,0.27178684467071434,0.2553920151331073,0.18527464299290627
locked_method_evaluation,shallow-mse-z-gelu-ln-rawclip,sidhu,clip-vit-b32,abstract,beauty,cross,4,hinge,9,6,140,20,79,1260,100,790,31,11,0.5911392405063292,1.8203026056289673,5.232830047607422,-0.20252212086563448,0.2298628348944476,0.18041134904943976,0.1297490474300137
locked_method_evaluation,shallow-mse-z-gelu-ln-rawclip,sidhu,clip-vit-b32,abstract,beauty,cross,4,hinge,9,7,140,20,79,1260,100,790,30,10,0.6417721518987342,1.6686214208602905,3.777195692062378,0.1310919021964394,0.3713867429323727,0.34339686347857085,0.2488012402606179
locked_method_evaluation,shallow-mse-z-gelu-ln-rawclip,sidhu,clip-vit-b32,abstract,beauty,cross,4,hinge,9,8,140,20,79,1260,100,790,32,12,0.6455696202531646,1.775818109512329,4.4687652587890625,0.12274887174292115,0.3968578861604328,0.3828465416208038,0.27549562683638457
locked_method_evaluation,shallow-mse-z-gelu-ln-rawclip,sidhu,clip-vit-b32,abstract,beauty,cross,4,hinge,9,9,140,20,79,1260,100,790,48,28,0.6734177215189874,1.6936224699020386,4.060936450958252,0.22022323019037038,0.47083029244095087,0.45561512627838135,0.33750007794585274
locked_method_evaluation,shallow-mse-z-gelu-ln-rawclip,sidhu,clip-vit-b32,abstract,beauty,cross,4,hinge,10,0,140,20,79,1400,100,790,25,3,0.569620253164557,1.673719048500061,4.3022541999816895,-0.12627383901237543,0.24076385823718738,0.1644468408342533,0.11627793611484791
locked_method_evaluation,shallow-mse-z-gelu-ln-rawclip,sidhu,clip-vit-b32,abstract,beauty,cross,4,hinge,10,1,140,20,79,1400,100,790,32,12,0.6,1.7570269107818604,4.543947696685791,-0.1697235380202622,0.31620589189697057,0.31073931615166556,0.22773867107384835
locked_method_evaluation,shallow-mse-z-gelu-ln-rawclip,sidhu,clip-vit-b32,abstract,beauty,cross,4,hinge,10,2,140,20,79,1400,100,790,25,2,0.5810126582278481,1.8732433319091797,4.9663472175598145,-0.13809846186604058,0.2994284309534123,0.25427931444262425,0.18073981692857372
locked_method_evaluation,shallow-mse-z-gelu-ln-rawclip,sidhu,clip-vit-b32,abstract,beauty,cross,4,hinge,10,3,140,20,79,1400,100,790,25,5,0.5430379746835443,1.5823198556900024,3.4853527545928955,-0.08597535600199824,0.20650785438351704,0.14464101110581098,0.10928082101925177
locked_method_evaluation,shallow-mse-z-gelu-ln-rawclip,sidhu,clip-vit-b32,abstract,beauty,cross,4,hinge,10,4,140,20,79,1400,100,790,31,11,0.6329113924050633,1.6029961109161377,4.059974670410156,0.10654792389735124,0.3901439606797794,0.3388816382217648,0.2534600604672144
locked_method_evaluation,shallow-mse-z-gelu-ln-rawclip,sidhu,clip-vit-b32,abstract,beauty,cross,4,hinge,10,5,140,20,79,1400,100,790,33,13,0.589873417721519,1.8798161745071411,5.205981254577637,-0.15938234079915903,0.25915925146182417,0.2592128502612992,0.1873720917815052
locked_method_evaluation,shallow-mse-z-gelu-ln-rawclip,sidhu,clip-vit-b32,abstract,beauty,cross,4,hinge,10,6,140,20,79,1400,100,790,25,2,0.5784810126582278,1.8125392198562622,5.280158519744873,-0.21339830314181385,0.1738209897912384,0.11893967736922781,0.08022118523898697
locked_method_evaluation,shallow-mse-z-gelu-ln-rawclip,sidhu,clip-vit-b32,abstract,beauty,cross,4,hinge,10,7,140,20,79,1400,100,790,44,24,0.6240506329113924,1.658030390739441,3.8555023670196533,0.11307819492464466,0.35297802614513785,0.34096107573877155,0.2508861668549806
locked_method_evaluation,shallow-mse-z-gelu-ln-rawclip,sidhu,clip-vit-b32,abstract,beauty,cross,4,hinge,10,8,140,20,79,1400,100,790,27,7,0.640506329113924,1.7572944164276123,4.354642868041992,0.1451521286462225,0.43348372478067176,0.4333770709642408,0.31158069634644
locked_method_evaluation,shallow-mse-z-gelu-ln-rawclip,sidhu,clip-vit-b32,abstract,beauty,cross,4,hinge,10,9,140,20,79,1400,100,790,27,7,0.6759493670886076,1.667541265487671,3.99094295501709,0.23366331778210503,0.4845053204917349,0.410657812329505,0.30891019530994374
locked_method_evaluation,shallow-mse-z-gelu-ln-rawclip,sidhu,clip-vit-b32,abstract,beauty,cross,4,bradley_terry,1,0,140,20,79,140,20,790,25,3,0.5670886075949367,1.652381181716919,3.998182773590088,-0.04667188827651736,0.20432482904288918,0.15924001559175216,0.11907981409351893
locked_method_evaluation,shallow-mse-z-gelu-ln-rawclip,sidhu,clip-vit-b32,abstract,beauty,cross,4,bradley_terry,1,1,140,20,79,140,20,790,25,2,0.6265822784810127,1.6636713743209839,3.9524543285369873,-0.01745865619124709,0.30552461601473624,0.32289567886097925,0.23965115540694196
locked_method_evaluation,shallow-mse-z-gelu-ln-rawclip,sidhu,clip-vit-b32,abstract,beauty,cross,4,bradley_terry,1,2,140,20,79,140,20,790,25,1,0.5886075949367089,1.9973726272583008,5.934438705444336,-0.3599481252255685,0.23699648911861004,0.16677992445148862,0.12561068357970373
locked_method_evaluation,shallow-mse-z-gelu-ln-rawclip,sidhu,clip-vit-b32,abstract,beauty,cross,4,bradley_terry,1,3,140,20,79,140,20,790,38,18,0.5,1.5737477540969849,3.5813398361206055,-0.11588325477637884,0.06061666395908105,0.013206568445139509,0.004597574994337453
locked_method_evaluation,shallow-mse-z-gelu-ln-rawclip,sidhu,clip-vit-b32,abstract,beauty,cross,4,bradley_terry,1,4,140,20,79,140,20,790,44,24,0.5835443037974684,1.77809739112854,4.491053104400635,0.011683241888364782,0.2860787249771075,0.22744270868235142,0.15889060032032506
locked_method_evaluation,shallow-mse-z-gelu-ln-rawclip,sidhu,clip-vit-b32,abstract,beauty,cross,4,bradley_terry,1,5,140,20,79,140,20,790,25,2,0.5594936708860759,2.101996898651123,5.969625949859619,-0.3294476533741426,0.19668585065664956,0.1615103984510515,0.114660533776742
locked_method_evaluation,shallow-mse-z-gelu-ln-rawclip,sidhu,clip-vit-b32,abstract,beauty,cross,4,bradley_terry,1,6,140,20,79,140,20,790,36,16,0.5468354430379747,1.8597966432571411,5.094184398651123,-0.17066083473073546,0.2049083020974649,0.16487712500359863,0.10184602647732258
locked_method_evaluation,shallow-mse-z-gelu-ln-rawclip,sidhu,clip-vit-b32,abstract,beauty,cross,4,bradley_terry,1,7,140,20,79,140,20,790,25,3,0.6468354430379747,1.6938146352767944,3.842308282852173,0.11611333942691704,0.34428687837862526,0.36373200051841026,0.26061582429533997
locked_method_evaluation,shallow-mse-z-gelu-ln-rawclip,sidhu,clip-vit-b32,abstract,beauty,cross,4,bradley_terry,1,8,140,20,79,140,20,790,37,17,0.6050632911392405,1.8282489776611328,4.794981956481934,0.058710385786908126,0.35777384482935304,0.3094057236020629,0.2137346424826359
locked_method_evaluation,shallow-mse-z-gelu-ln-rawclip,sidhu,clip-vit-b32,abstract,beauty,cross,4,bradley_terry,1,9,140,20,79,140,20,790,47,27,0.6177215189873417,1.9098600149154663,4.744843482971191,0.08890015549694086,0.32037346123252064,0.2750337047804951,0.18966946529188417
locked_method_evaluation,shallow-mse-z-gelu-ln-rawclip,sidhu,clip-vit-b32,abstract,beauty,cross,4,bradley_terry,2,0,140,20,79,280,40,790,48,28,0.5721518987341773,1.6015269756317139,3.9004223346710205,-0.02107950859344676,0.23787386038020486,0.19148038137055645,0.14429671590155824
locked_method_evaluation,shallow-mse-z-gelu-ln-rawclip,sidhu,clip-vit-b32,abstract,beauty,cross,4,bradley_terry,2,1,140,20,79,280,40,790,33,13,0.6594936708860759,1.6109240055084229,3.873750686645508,0.002801640489874857,0.3641804556682473,0.3585880419882238,0.26627906156326886
locked_method_evaluation,shallow-mse-z-gelu-ln-rawclip,sidhu,clip-vit-b32,abstract,beauty,cross,4,bradley_terry,2,2,140,20,79,280,40,790,25,1,0.5721518987341773,1.8190052509307861,4.986785888671875,-0.14278216838739644,0.3083599582678289,0.2346748179666495,0.16678307430860664
locked_method_evaluation,shallow-mse-z-gelu-ln-rawclip,sidhu,clip-vit-b32,abstract,beauty,cross,4,bradley_terry,2,3,140,20,79,280,40,790,34,14,0.5607594936708861,1.5122768878936768,3.217108726501465,-0.002395168195250541,0.2305864737970751,0.1505944876026358,0.11140277870894597
locked_method_evaluation,shallow-mse-z-gelu-ln-rawclip,sidhu,clip-vit-b32,abstract,beauty,cross,4,bradley_terry,2,4,140,20,79,280,40,790,25,2,0.6329113924050633,1.734256386756897,4.216342449188232,0.07213688197288615,0.4178114169797311,0.3759295146536047,0.2764070618263861
locked_method_evaluation,shallow-mse-z-gelu-ln-rawclip,sidhu,clip-vit-b32,abstract,beauty,cross,4,bradley_terry,2,5,140,20,79,280,40,790,25,3,0.5481012658227848,1.923529863357544,4.934351444244385,-0.09888979971260681,0.21103636243424262,0.1572088776131839,0.114660533776742
locked_method_evaluation,shallow-mse-z-gelu-ln-rawclip,sidhu,clip-vit-b32,abstract,beauty,cross,4,bradley_terry,2,6,140,20,79,280,40,790,36,16,0.5164556962025316,1.9845502376556396,6.030932426452637,-0.38592866175133356,0.1065761693243985,0.05560784087464466,0.03208847409559478
locked_method_evaluation,shallow-mse-z-gelu-ln-rawclip,sidhu,clip-vit-b32,abstract,beauty,cross,4,bradley_terry,2,7,140,20,79,280,40,790,28,8,0.6291139240506329,1.68130362033844,3.788234233856201,0.12855266563697632,0.3650106321365456,0.32865911745695703,0.23559670516298734
locked_method_evaluation,shallow-mse-z-gelu-ln-rawclip,sidhu,clip-vit-b32,abstract,beauty,cross,4,bradley_terry,2,8,140,20,79,280,40,790,43,23,0.6417721518987342,1.8151130676269531,4.643374443054199,0.08847181125367676,0.398212027932459,0.3816782767661855,0.27757745776965703
locked_method_evaluation,shallow-mse-z-gelu-ln-rawclip,sidhu,clip-vit-b32,abstract,beauty,cross,4,bradley_terry,2,9,140,20,79,280,40,790,44,24,0.6759493670886076,1.7334893941879272,4.1014404296875,0.21244581791256856,0.4652897954947548,0.4132718964099114,0.30333168162488827
locked_method_evaluation,shallow-mse-z-gelu-ln-rawclip,sidhu,clip-vit-b32,abstract,beauty,cross,4,bradley_terry,3,0,140,20,79,420,60,790,44,24,0.5367088607594936,1.7126375436782837,4.459139347076416,-0.1673444256273473,0.17604307625151705,0.11796790555344354,0.09036056481214085
locked_method_evaluation,shallow-mse-z-gelu-ln-rawclip,sidhu,clip-vit-b32,abstract,beauty,cross,4,bradley_terry,3,1,140,20,79,420,60,790,43,23,0.620253164556962,1.8633226156234741,5.147080421447754,-0.32498461219759234,0.2735221366674523,0.26898110063802916,0.1898990149569628
locked_method_evaluation,shallow-mse-z-gelu-ln-rawclip,sidhu,clip-vit-b32,abstract,beauty,cross,4,bradley_terry,3,2,140,20,79,420,60,790,25,2,0.610126582278481,1.8065119981765747,4.869173526763916,-0.11582982226630234,0.35768503481449443,0.28841159303373054,0.20586195364451448
locked_method_evaluation,shallow-mse-z-gelu-ln-rawclip,sidhu,clip-vit-b32,abstract,beauty,cross,4,bradley_terry,3,3,140,20,79,420,60,790,33,13,0.569620253164557,1.6191868782043457,3.6788344383239746,-0.14626090235557254,0.23349880283421953,0.14752491967911696,0.11423205562853826
locked_method_evaluation,shallow-mse-z-gelu-ln-rawclip,sidhu,clip-vit-b32,abstract,beauty,cross,4,bradley_terry,3,4,140,20,79,420,60,790,34,14,0.640506329113924,1.627489447593689,4.148227214813232,0.08712666043837525,0.3980429827552143,0.3472853909959085,0.258327606210069
locked_method_evaluation,shallow-mse-z-gelu-ln-rawclip,sidhu,clip-vit-b32,abstract,beauty,cross,4,bradley_terry,3,5,140,20,79,420,60,790,28,8,0.6240506329113924,1.8028595447540283,4.613186836242676,-0.027365697218998175,0.2840895021035976,0.2739045775929272,0.19855848532069958
locked_method_evaluation,shallow-mse-z-gelu-ln-rawclip,sidhu,clip-vit-b32,abstract,beauty,cross,4,bradley_terry,3,6,140,20,79,420,60,790,27,7,0.5354430379746835,1.843685269355774,5.394479751586914,-0.2396697862989643,0.21705676365945692,0.13894568835292803,0.09277754466769797
locked_method_evaluation,shallow-mse-z-gelu-ln-rawclip,sidhu,clip-vit-b32,abstract,beauty,cross,4,bradley_terry,3,7,140,20,79,420,60,790,28,8,0.5974683544303797,1.6829020977020264,3.8694775104522705,0.10986336252966145,0.3489473067893414,0.30008166836830186,0.2161373902822686
locked_method_evaluation,shallow-mse-z-gelu-ln-rawclip,sidhu,clip-vit-b32,abstract,beauty,cross,4,bradley_terry,3,8,140,20,79,420,60,790,25,3,0.6303797468354431,1.8098751306533813,4.54664421081543,0.10746082421606307,0.4455216489950544,0.3811986732995527,0.2748016831919604
locked_method_evaluation,shallow-mse-z-gelu-ln-rawclip,sidhu,clip-vit-b32,abstract,beauty,cross,4,bradley_terry,3,9,140,20,79,420,60,790,28,8,0.6784810126582278,1.7078726291656494,3.894098997116089,0.25225924761817875,0.5214883671724238,0.4909052613638678,0.36120876110733824
locked_method_evaluation,shallow-mse-z-gelu-ln-rawclip,sidhu,clip-vit-b32,abstract,beauty,cross,4,bradley_terry,4,0,140,20,79,560,80,790,29,9,0.569620253164557,1.6294113397598267,4.16940975189209,-0.09149692137061805,0.22780896874610335,0.170430988328597,0.13519061247087738
locked_method_evaluation,shallow-mse-z-gelu-ln-rawclip,sidhu,clip-vit-b32,abstract,beauty,cross,4,bradley_terry,4,1,140,20,79,560,80,790,27,7,0.620253164556962,1.7442657947540283,4.472360610961914,-0.15129523393927724,0.30658763084647944,0.3000994165389498,0.22003059297596428
locked_method_evaluation,shallow-mse-z-gelu-ln-rawclip,sidhu,clip-vit-b32,abstract,beauty,cross,4,bradley_terry,4,2,140,20,79,560,80,790,25,2,0.5962025316455696,1.8484854698181152,4.926472187042236,-0.1289605564879055,0.34175868403326604,0.29098691658085735,0.20655979077551284
locked_method_evaluation,shallow-mse-z-gelu-ln-rawclip,sidhu,clip-vit-b32,abstract,beauty,cross,4,bradley_terry,4,3,140,20,79,560,80,790,29,9,0.5455696202531646,1.6365820169448853,3.719892978668213,-0.15905385889456203,0.19541823394683888,0.12709001386569116,0.09301247873159615
locked_method_evaluation,shallow-mse-z-gelu-ln-rawclip,sidhu,clip-vit-b32,abstract,beauty,cross,4,bradley_terry,4,4,140,20,79,560,80,790,25,1,0.6379746835443038,1.6715993881225586,4.026867389678955,0.11383359631066214,0.41339887587037083,0.3458827148374131,0.2569368788549677
locked_method_evaluation,shallow-mse-z-gelu-ln-rawclip,sidhu,clip-vit-b32,abstract,beauty,cross,4,bradley_terry,4,5,140,20,79,560,80,790,45,25,0.5556962025316455,1.891050934791565,5.061251163482666,-0.1271507327890431,0.22004408232169226,0.21919268361214134,0.16150355672211833
locked_method_evaluation,shallow-mse-z-gelu-ln-rawclip,sidhu,clip-vit-b32,abstract,beauty,cross,4,bradley_terry,4,6,140,20,79,560,80,790,25,1,0.5379746835443038,1.8256440162658691,5.169942378997803,-0.1880703276682636,0.17819430022063898,0.0687275463534875,0.03836665380995029
locked_method_evaluation,shallow-mse-z-gelu-ln-rawclip,sidhu,clip-vit-b32,abstract,beauty,cross,4,bradley_terry,4,7,140,20,79,560,80,790,42,22,0.6481012658227848,1.6790640354156494,3.814223289489746,0.12257418228468386,0.37206640404474456,0.35028596011638696,0.257835922169523
locked_method_evaluation,shallow-mse-z-gelu-ln-rawclip,sidhu,clip-vit-b32,abstract,beauty,cross,4,bradley_terry,4,8,140,20,79,560,80,790,90,70,0.6379746835443038,1.7422927618026733,4.423870086669922,0.1315623345307958,0.4275824364449363,0.4129631798203845,0.297007879813533
locked_method_evaluation,shallow-mse-z-gelu-ln-rawclip,sidhu,clip-vit-b32,abstract,beauty,cross,4,bradley_terry,4,9,140,20,79,560,80,790,27,7,0.6632911392405063,1.7643028497695923,4.1205573081970215,0.20877502179467355,0.45697146839575,0.3955651759407435,0.2893853974122497
locked_method_evaluation,shallow-mse-z-gelu-ln-rawclip,sidhu,clip-vit-b32,abstract,beauty,cross,4,bradley_terry,5,0,140,20,79,700,100,790,36,16,0.569620253164557,1.6521868705749512,4.219781398773193,-0.10468350827127382,0.2294931382566574,0.1745890454535327,0.13238873449220637
locked_method_evaluation,shallow-mse-z-gelu-ln-rawclip,sidhu,clip-vit-b32,abstract,beauty,cross,4,bradley_terry,5,1,140,20,79,700,100,790,25,4,0.6291139240506329,1.6955987215042114,4.170903205871582,-0.07369269668061951,0.2948632964180433,0.2862663141455929,0.20951957738794047
locked_method_evaluation,shallow-mse-z-gelu-ln-rawclip,sidhu,clip-vit-b32,abstract,beauty,cross,4,bradley_terry,5,2,140,20,79,700,100,790,25,1,0.6253164556962025,1.7418816089630127,4.542945384979248,-0.04107073397653638,0.38467469819806865,0.32744807627438927,0.2358689502774437
locked_method_evaluation,shallow-mse-z-gelu-ln-rawclip,sidhu,clip-vit-b32,abstract,beauty,cross,4,bradley_terry,5,3,140,20,79,700,100,790,47,27,0.5265822784810127,1.6870862245559692,3.860924482345581,-0.2029972585717006,0.15230498043820262,0.07311265211381356,0.059768474926386886
locked_method_evaluation,shallow-mse-z-gelu-ln-rawclip,sidhu,clip-vit-b32,abstract,beauty,cross,4,bradley_terry,5,4,140,20,79,700,100,790,25,3,0.610126582278481,1.6764986515045166,4.1589860916137695,0.0847590277619209,0.3574871883793094,0.30239975392405466,0.21869187658968156
locked_method_evaluation,shallow-mse-z-gelu-ln-rawclip,sidhu,clip-vit-b32,abstract,beauty,cross,4,bradley_terry,5,5,140,20,79,700,100,790,31,11,0.620253164556962,1.7745424509048462,4.690408229827881,-0.04456312699832421,0.3070590053102933,0.29214598401139147,0.21603722522569072
locked_method_evaluation,shallow-mse-z-gelu-ln-rawclip,sidhu,clip-vit-b32,abstract,beauty,cross,4,bradley_terry,5,6,140,20,79,700,100,790,25,1,0.5101265822784811,1.8880515098571777,5.400269508361816,-0.24100000930103405,0.16534932358626975,0.085432072765986,0.05022543771484401
locked_method_evaluation,shallow-mse-z-gelu-ln-rawclip,sidhu,clip-vit-b32,abstract,beauty,cross,4,bradley_terry,5,7,140,20,79,700,100,790,87,67,0.6151898734177215,1.6577107906341553,3.807797908782959,0.12405206393070234,0.36062371389959935,0.3286714194152388,0.2453263626033467
locked_method_evaluation,shallow-mse-z-gelu-ln-rawclip,sidhu,clip-vit-b32,abstract,beauty,cross,4,bradley_terry,5,8,140,20,79,700,100,790,49,29,0.6430379746835443,1.7859429121017456,4.578585147857666,0.10119056004639337,0.38588767707915395,0.3697250826747226,0.26300464123675005
locked_method_evaluation,shallow-mse-z-gelu-ln-rawclip,sidhu,clip-vit-b32,abstract,beauty,cross,4,bradley_terry,5,9,140,20,79,700,100,790,58,38,0.6784810126582278,1.6982988119125366,4.126277446746826,0.2076765595936516,0.4575233506766381,0.4346284701234203,0.3270403647863738
locked_method_evaluation,shallow-mse-z-gelu-ln-rawclip,sidhu,clip-vit-b32,abstract,beauty,cross,4,bradley_terry,6,0,140,20,79,840,100,790,35,15,0.5531645569620253,1.7010043859481812,4.427307605743408,-0.15901102044688176,0.17317669511248823,0.1415960343197697,0.10226854622149273
locked_method_evaluation,shallow-mse-z-gelu-ln-rawclip,sidhu,clip-vit-b32,abstract,beauty,cross,4,bradley_terry,6,1,140,20,79,840,100,790,25,5,0.6367088607594936,1.6635066270828247,4.139273166656494,-0.06555036412424586,0.32359038732829504,0.32357377211555555,0.23194307730905786
locked_method_evaluation,shallow-mse-z-gelu-ln-rawclip,sidhu,clip-vit-b32,abstract,beauty,cross,4,bradley_terry,6,2,140,20,79,840,100,790,25,1,0.6126582278481013,1.7522631883621216,4.589407444000244,-0.05171811815217198,0.37440550942119444,0.3061554490522118,0.21214248782349965
locked_method_evaluation,shallow-mse-z-gelu-ln-rawclip,sidhu,clip-vit-b32,abstract,beauty,cross,4,bradley_terry,6,3,140,20,79,840,100,790,25,4,0.5481012658227848,1.6381020545959473,3.6819944381713867,-0.1472455172736944,0.2204741739697056,0.1515104070636858,0.10928082101925177
locked_method_evaluation,shallow-mse-z-gelu-ln-rawclip,sidhu,clip-vit-b32,abstract,beauty,cross,4,bradley_terry,6,4,140,20,79,840,100,790,29,9,0.6329113924050633,1.6412590742111206,4.224920749664307,0.0702492611784511,0.3817945379159937,0.32072067322229764,0.2312084227855934
locked_method_evaluation,shallow-mse-z-gelu-ln-rawclip,sidhu,clip-vit-b32,abstract,beauty,cross,4,bradley_terry,6,5,140,20,79,840,100,790,25,5,0.649367088607595,1.6607011556625366,4.133967876434326,0.07935712994217592,0.38579170876073476,0.3856455171806281,0.28455388565325607
locked_method_evaluation,shallow-mse-z-gelu-ln-rawclip,sidhu,clip-vit-b32,abstract,beauty,cross,4,bradley_terry,6,6,140,20,79,840,100,790,25,4,0.5379746835443038,1.8750989437103271,5.6193766593933105,-0.29135159445386516,0.167717922697193,0.10844391298615352,0.07185027895317962
locked_method_evaluation,shallow-mse-z-gelu-ln-rawclip,sidhu,clip-vit-b32,abstract,beauty,cross,4,bradley_terry,6,7,140,20,79,840,100,790,49,29,0.6265822784810127,1.678876280784607,3.926922082901001,0.09664871133335362,0.3397108593489975,0.3221882874007226,0.22864694984844494
locked_method_evaluation,shallow-mse-z-gelu-ln-rawclip,sidhu,clip-vit-b32,abstract,beauty,cross,4,bradley_terry,6,8,140,20,79,840,100,790,31,11,0.6253164556962025,1.7824231386184692,4.5523858070373535,0.10633366001920386,0.385556445504335,0.36470769256225677,0.2609228103034776
locked_method_evaluation,shallow-mse-z-gelu-ln-rawclip,sidhu,clip-vit-b32,abstract,beauty,cross,4,bradley_terry,6,9,140,20,79,840,100,790,41,21,0.6670886075949367,1.6387120485305786,3.933987855911255,0.24459978286293638,0.4946535232520546,0.4531120174655393,0.34168396320964434
locked_method_evaluation,shallow-mse-z-gelu-ln-rawclip,sidhu,clip-vit-b32,abstract,beauty,cross,4,bradley_terry,7,0,140,20,79,980,100,790,59,39,0.5607594936708861,1.6729789972305298,4.255800724029541,-0.11411282663816813,0.2215833466143522,0.18702620148301402,0.1365915514602129
locked_method_evaluation,shallow-mse-z-gelu-ln-rawclip,sidhu,clip-vit-b32,abstract,beauty,cross,4,bradley_terry,7,1,140,20,79,980,100,790,25,3,0.6392405063291139,1.62168550491333,3.9851627349853516,-0.025878632122951828,0.37178699872720244,0.3842939408207989,0.2830966865041069
locked_method_evaluation,shallow-mse-z-gelu-ln-rawclip,sidhu,clip-vit-b32,abstract,beauty,cross,4,bradley_terry,7,2,140,20,79,980,100,790,25,1,0.6113924050632912,1.7964928150177002,4.852992057800293,-0.11212177572273463,0.35770851610868704,0.2922930615377733,0.20586195364451448
locked_method_evaluation,shallow-mse-z-gelu-ln-rawclip,sidhu,clip-vit-b32,abstract,beauty,cross,4,bradley_terry,7,3,140,20,79,980,100,790,27,7,0.5620253164556962,1.6338609457015991,3.5660171508789062,-0.11110916020163497,0.21920583934115712,0.11367303149031045,0.09230515950169808
locked_method_evaluation,shallow-mse-z-gelu-ln-rawclip,sidhu,clip-vit-b32,abstract,beauty,cross,4,bradley_terry,7,4,140,20,79,980,100,790,42,22,0.589873417721519,1.6888296604156494,4.403196811676025,0.0310172307971307,0.3481596066585553,0.28454639334531023,0.2082614214264217
locked_method_evaluation,shallow-mse-z-gelu-ln-rawclip,sidhu,clip-vit-b32,abstract,beauty,cross,4,bradley_terry,7,5,140,20,79,980,100,790,30,10,0.5860759493670886,1.852359414100647,5.068729400634766,-0.12881604423080617,0.26014734815544216,0.2508932899015266,0.18038059581950877
locked_method_evaluation,shallow-mse-z-gelu-ln-rawclip,sidhu,clip-vit-b32,abstract,beauty,cross,4,bradley_terry,7,6,140,20,79,980,100,790,25,4,0.5329113924050632,1.9338929653167725,5.93104362487793,-0.36297386360553596,0.1241836843460078,0.07496094632747292,0.04952786219102673
locked_method_evaluation,shallow-mse-z-gelu-ln-rawclip,sidhu,clip-vit-b32,abstract,beauty,cross,4,bradley_terry,7,7,140,20,79,980,100,790,25,4,0.5924050632911393,1.7033021450042725,3.9002456665039062,0.10278542484300335,0.3391143841581652,0.2812104643639983,0.20571275731045502
locked_method_evaluation,shallow-mse-z-gelu-ln-rawclip,sidhu,clip-vit-b32,abstract,beauty,cross,4,bradley_terry,7,8,140,20,79,980,100,790,25,5,0.620253164556962,1.7686991691589355,4.463757514953613,0.12373201140201351,0.3924645220831735,0.35216421728109204,0.248431824703843
locked_method_evaluation,shallow-mse-z-gelu-ln-rawclip,sidhu,clip-vit-b32,abstract,beauty,cross,4,bradley_terry,7,9,140,20,79,980,100,790,49,29,0.6860759493670886,1.6603235006332397,3.9248669147491455,0.24635121603868793,0.49711969197051076,0.46851291848642423,0.35353830479038706
locked_method_evaluation,shallow-mse-z-gelu-ln-rawclip,sidhu,clip-vit-b32,abstract,beauty,cross,4,bradley_terry,8,0,140,20,79,1120,100,790,31,11,0.5556962025316455,1.641835331916809,4.279298305511475,-0.12026431035234064,0.2148529328405857,0.17974651690226603,0.14219530741755496
locked_method_evaluation,shallow-mse-z-gelu-ln-rawclip,sidhu,clip-vit-b32,abstract,beauty,cross,4,bradley_terry,8,1,140,20,79,1120,100,790,50,30,0.5924050632911393,1.845713496208191,5.119381427764893,-0.3178542695703539,0.26057660029619,0.25643021094423474,0.18779681183935804
locked_method_evaluation,shallow-mse-z-gelu-ln-rawclip,sidhu,clip-vit-b32,abstract,beauty,cross,4,bradley_terry,8,2,140,20,79,1120,100,790,25,2,0.5784810126582278,1.9049689769744873,5.110082149505615,-0.17103707303212534,0.29366542177740484,0.21813852992720378,0.14933714603364778
locked_method_evaluation,shallow-mse-z-gelu-ln-rawclip,sidhu,clip-vit-b32,abstract,beauty,cross,4,bradley_terry,8,3,140,20,79,1120,100,790,25,2,0.5645569620253165,1.5884416103363037,3.46463942527771,-0.0795212735251416,0.2579386751895072,0.1613998617850227,0.12201256715741701
locked_method_evaluation,shallow-mse-z-gelu-ln-rawclip,sidhu,clip-vit-b32,abstract,beauty,cross,4,bradley_terry,8,4,140,20,79,1120,100,790,25,2,0.6177215189873417,1.650343656539917,3.9486687183380127,0.1310422240021094,0.418622076353131,0.3258638191367809,0.2402481505937519
locked_method_evaluation,shallow-mse-z-gelu-ln-rawclip,sidhu,clip-vit-b32,abstract,beauty,cross,4,bradley_terry,8,5,140,20,79,1120,100,790,25,4,0.6113924050632912,1.8286229372024536,4.859190464019775,-0.08215125495867781,0.2675393595127389,0.25096724154916905,0.17758399743471015
locked_method_evaluation,shallow-mse-z-gelu-ln-rawclip,sidhu,clip-vit-b32,abstract,beauty,cross,4,bradley_terry,8,6,140,20,79,1120,100,790,25,5,0.5151898734177215,1.9144946336746216,5.7622857093811035,-0.3241929117018032,0.1430080546415411,0.08280813167021743,0.05789876847683407
locked_method_evaluation,shallow-mse-z-gelu-ln-rawclip,sidhu,clip-vit-b32,abstract,beauty,cross,4,bradley_terry,8,7,140,20,79,1120,100,790,39,19,0.6354430379746835,1.6847699880599976,3.883148670196533,0.10671834331978691,0.3484135200365017,0.3341580928089281,0.2439364115404382
locked_method_evaluation,shallow-mse-z-gelu-ln-rawclip,sidhu,clip-vit-b32,abstract,beauty,cross,4,bradley_terry,8,8,140,20,79,1120,100,790,26,6,0.640506329113924,1.7652307748794556,4.475100040435791,0.12150528715452236,0.40422256688179914,0.38132164854740724,0.2741077395475363
locked_method_evaluation,shallow-mse-z-gelu-ln-rawclip,sidhu,clip-vit-b32,abstract,beauty,cross,4,bradley_terry,8,9,140,20,79,1120,100,790,25,3,0.6658227848101266,1.7167086601257324,4.018618583679199,0.2283491111798861,0.48322651827766094,0.43425855256487234,0.3228564795225823
locked_method_evaluation,shallow-mse-z-gelu-ln-rawclip,sidhu,clip-vit-b32,abstract,beauty,cross,4,bradley_terry,9,0,140,20,79,1260,100,790,26,6,0.5594936708860759,1.682739496231079,4.245097637176514,-0.11131102597146425,0.21564040466910228,0.1633240420260362,0.12468357005086102
locked_method_evaluation,shallow-mse-z-gelu-ln-rawclip,sidhu,clip-vit-b32,abstract,beauty,cross,4,bradley_terry,9,1,140,20,79,1260,100,790,42,22,0.620253164556962,1.7727960348129272,4.663313865661621,-0.20045119629971997,0.3023809955775505,0.2877088034326007,0.20111076491752147
locked_method_evaluation,shallow-mse-z-gelu-ln-rawclip,sidhu,clip-vit-b32,abstract,beauty,cross,4,bradley_terry,9,2,140,20,79,1260,100,790,61,41,0.5886075949367089,1.9187395572662354,5.2125349044799805,-0.19451522452971348,0.2679195528253331,0.2319885953194072,0.167480911439605
locked_method_evaluation,shallow-mse-z-gelu-ln-rawclip,sidhu,clip-vit-b32,abstract,beauty,cross,4,bradley_terry,9,3,140,20,79,1260,100,790,25,1,0.5873417721518988,1.6256054639816284,3.650503396987915,-0.1374334337815446,0.25789120871195337,0.1751262764107581,0.12837844022649963
locked_method_evaluation,shallow-mse-z-gelu-ln-rawclip,sidhu,clip-vit-b32,abstract,beauty,cross,4,bradley_terry,9,4,140,20,79,1260,100,790,25,3,0.6037974683544304,1.6696783304214478,4.239559650421143,0.06702781679247605,0.3677312296604214,0.2850508645952954,0.20269851200601643
locked_method_evaluation,shallow-mse-z-gelu-ln-rawclip,sidhu,clip-vit-b32,abstract,beauty,cross,4,bradley_terry,9,5,140,20,79,1260,100,790,34,14,0.5949367088607594,1.9171195030212402,5.252416133880615,-0.16972333739419732,0.23337081674253568,0.23644806806203997,0.16989335187651408
locked_method_evaluation,shallow-mse-z-gelu-ln-rawclip,sidhu,clip-vit-b32,abstract,beauty,cross,4,bradley_terry,9,6,140,20,79,1260,100,790,26,6,0.5962025316455696,1.8174525499343872,5.29646110534668,-0.21714455805904698,0.2198128010313667,0.17915481387681823,0.13044662295383097
locked_method_evaluation,shallow-mse-z-gelu-ln-rawclip,sidhu,clip-vit-b32,abstract,beauty,cross,4,bradley_terry,9,7,140,20,79,1260,100,790,36,16,0.6430379746835443,1.6733298301696777,3.844290018081665,0.115657321977645,0.3616218876995845,0.3517991009850502,0.2557509955751603
locked_method_evaluation,shallow-mse-z-gelu-ln-rawclip,sidhu,clip-vit-b32,abstract,beauty,cross,4,bradley_terry,9,8,140,20,79,1260,100,790,32,12,0.6430379746835443,1.77491295337677,4.477963924407959,0.12094329843533991,0.391943298212027,0.3878270391589133,0.282435063280626
locked_method_evaluation,shallow-mse-z-gelu-ln-rawclip,sidhu,clip-vit-b32,abstract,beauty,cross,4,bradley_terry,9,9,140,20,79,1260,100,790,25,4,0.6886075949367089,1.6515246629714966,3.7720437049865723,0.2756960699499015,0.5334244859404862,0.4790062465639047,0.34865710531596356
locked_method_evaluation,shallow-mse-z-gelu-ln-rawclip,sidhu,clip-vit-b32,abstract,beauty,cross,4,bradley_terry,10,0,140,20,79,1400,100,790,34,14,0.5620253164556962,1.7016937732696533,4.401647090911865,-0.15229347431605889,0.22601833791122772,0.18970364479491628,0.1400938989335517
locked_method_evaluation,shallow-mse-z-gelu-ln-rawclip,sidhu,clip-vit-b32,abstract,beauty,cross,4,bradley_terry,10,1,140,20,79,1400,100,790,25,3,0.6265822784810127,1.6891486644744873,4.2301025390625,-0.08893209698124993,0.3420980208647961,0.3624470090551763,0.2613739209555244
locked_method_evaluation,shallow-mse-z-gelu-ln-rawclip,sidhu,clip-vit-b32,abstract,beauty,cross,4,bradley_terry,10,2,140,20,79,1400,100,790,25,2,0.5924050632911393,1.8594276905059814,4.81443452835083,-0.10328587197739303,0.31781269744715246,0.2786278279790958,0.20307060512052105
locked_method_evaluation,shallow-mse-z-gelu-ln-rawclip,sidhu,clip-vit-b32,abstract,beauty,cross,4,bradley_terry,10,3,140,20,79,1400,100,790,25,1,0.589873417721519,1.5411242246627808,3.373734951019287,-0.05119706396060342,0.28724138236975705,0.2168996302086455,0.15596389019252438
locked_method_evaluation,shallow-mse-z-gelu-ln-rawclip,sidhu,clip-vit-b32,abstract,beauty,cross,4,bradley_terry,10,4,140,20,79,1400,100,790,31,11,0.6303797468354431,1.6064000129699707,4.049427509307861,0.10886888792229821,0.39536692906403914,0.3470762199898171,0.2569368788549677
locked_method_evaluation,shallow-mse-z-gelu-ln-rawclip,sidhu,clip-vit-b32,abstract,beauty,cross,4,bradley_terry,10,5,140,20,79,1400,100,790,33,13,0.589873417721519,1.8359019756317139,4.942782878875732,-0.10076741986067783,0.25541451715980656,0.25427041514386395,0.18317719420430734
locked_method_evaluation,shallow-mse-z-gelu-ln-rawclip,sidhu,clip-vit-b32,abstract,beauty,cross,4,bradley_terry,10,6,140,20,79,1400,100,790,25,5,0.5746835443037974,1.9463825225830078,6.0032243728637695,-0.37956132299404444,0.15405802400346147,0.10922000823983155,0.07394300552463146
locked_method_evaluation,shallow-mse-z-gelu-ln-rawclip,sidhu,clip-vit-b32,abstract,beauty,cross,4,bradley_terry,10,7,140,20,79,1400,100,790,25,5,0.6354430379746835,1.6789628267288208,3.8268988132476807,0.11965816314469291,0.35815283253577945,0.335425194511955,0.24602133813480095
locked_method_evaluation,shallow-mse-z-gelu-ln-rawclip,sidhu,clip-vit-b32,abstract,beauty,cross,4,bradley_terry,10,8,140,20,79,1400,100,790,33,13,0.6278481012658228,1.7448151111602783,4.358645439147949,0.14436623566488282,0.42348947141726967,0.41118003872649345,0.3004775980356537
locked_method_evaluation,shallow-mse-z-gelu-ln-rawclip,sidhu,clip-vit-b32,abstract,beauty,cross,4,bradley_terry,10,9,140,20,79,1400,100,790,30,10,0.6784810126582278,1.6583802700042725,3.9579904079437256,0.2399907603728817,0.49086815874034073,0.4498444123650313,0.334710821103325
