objective,target,metric,mean_resnet50,mean_clip-vit-b32,difference_clip-vit-b32_minus_resnet50,clip-vit-b32_wins
hinge,Abstract Beauty,pair_accuracy,0.7118227848101266,0.7780632911392406,0.06624050632911394,True
hinge,Abstract Liking,pair_accuracy,0.6842531645569621,0.7447974683544304,0.060544303797468335,True
hinge,Representational Beauty,pair_accuracy,0.7438205128205128,0.8055897435897436,0.0617692307692308,True
hinge,Representational Liking,pair_accuracy,0.7540897435897436,0.812974358974359,0.058884615384615424,True
hinge,Abstract Beauty,mae,0.6760213935375213,0.5453724464774132,-0.1306489470601081,True
hinge,Abstract Liking,mae,0.5478675985336303,0.4554678955674171,-0.09239970296621319,True
hinge,Representational Beauty,mae,0.5501667493581772,0.44880600929260256,-0.10136074006557466,True
hinge,Representational Liking,mae,0.5599366325139999,0.4595722958445549,-0.10036433666944505,True
hinge,Abstract Beauty,r2,0.2545794492596896,0.5000757300882398,0.24549628082855018,True
hinge,Abstract Liking,r2,0.15543158503107418,0.39719686341584315,0.24176527838476897,True
hinge,Representational Beauty,r2,0.3907031721966067,0.5815011131833782,0.19079794098677144,True
hinge,Representational Liking,r2,0.4359428232040725,0.6142566068750015,0.17831378367092898,True
hinge,Abstract Beauty,pearson,0.6234013848062399,0.7649868226526314,0.14158543784639155,True
hinge,Abstract Liking,pearson,0.5675307122215852,0.6909369823842724,0.12340627016268713,True
hinge,Representational Beauty,pearson,0.6765646039088072,0.8024268967113195,0.12586229280251227,True
hinge,Representational Liking,pearson,0.6961572859413414,0.8186791774168273,0.12252189147548587,True
hinge,Abstract Beauty,spearman,0.5911796096269883,0.7381720377627049,0.14699242813571656,True
hinge,Abstract Liking,spearman,0.5172585176794096,0.6624789460483059,0.14522042836889637,True
hinge,Representational Beauty,spearman,0.6735418523229967,0.7937375906206862,0.12019573829768948,True
hinge,Representational Liking,spearman,0.6974177220222866,0.8121835352837352,0.11476581326144863,True
hinge,Abstract Beauty,kendall,0.42562006665133706,0.556117348554845,0.1304972819035079,True
hinge,Abstract Liking,kendall,0.36825136551570553,0.4860562111809225,0.11780484566521698,True
hinge,Representational Beauty,kendall,0.4897419596008835,0.6095359766123102,0.11979401701142667,True
hinge,Representational Liking,kendall,0.5078558622159951,0.6229713281610356,0.11511546594504052,True
bradley_terry,Abstract Beauty,pair_accuracy,0.7133544303797469,0.779873417721519,0.06651898734177208,True
bradley_terry,Abstract Liking,pair_accuracy,0.6845443037974683,0.7486835443037976,0.06413924050632924,True
bradley_terry,Representational Beauty,pair_accuracy,0.7454230769230769,0.8076666666666666,0.06224358974358979,True
bradley_terry,Representational Liking,pair_accuracy,0.7535128205128205,0.8153461538461538,0.061833333333333296,True
bradley_terry,Abstract Beauty,mae,0.6786097395420074,0.5603313758969307,-0.11827836364507671,True
bradley_terry,Abstract Liking,mae,0.549616197347641,0.4547408378124237,-0.09487535953521731,True
bradley_terry,Representational Beauty,mae,0.5465705540776252,0.4476978325843811,-0.09887272149324411,True
bradley_terry,Representational Liking,mae,0.5664480832219124,0.4635076662898064,-0.10294041693210604,True
bradley_terry,Abstract Beauty,r2,0.25113634431953585,0.47027687054155515,0.2191405262220193,True
bradley_terry,Abstract Liking,r2,0.15235912565236392,0.3965102160020578,0.2441510903496939,True
bradley_terry,Representational Beauty,r2,0.3964701462020785,0.5834237701933884,0.18695362399130994,True
bradley_terry,Representational Liking,r2,0.4275576928583352,0.6097308220659096,0.18217312920757434,True
bradley_terry,Abstract Beauty,pearson,0.6209875304691082,0.7554233083457399,0.13443577787663175,True
bradley_terry,Abstract Liking,pearson,0.5646510477916852,0.6924017203576224,0.1277506725659372,True
bradley_terry,Representational Beauty,pearson,0.6784826273670406,0.8015831702530509,0.12310054288601036,True
bradley_terry,Representational Liking,pearson,0.6927007045964334,0.8185042451031405,0.12580354050670706,True
bradley_terry,Abstract Beauty,spearman,0.5943771040268478,0.7405086184864804,0.14613151445963257,True
bradley_terry,Abstract Liking,spearman,0.517893561673243,0.6708635082817852,0.15296994660854224,True
bradley_terry,Representational Beauty,spearman,0.6763011903125341,0.7978884471095814,0.1215872567970473,True
bradley_terry,Representational Liking,spearman,0.694965629300739,0.8157803799017727,0.12081475060103364,True
bradley_terry,Abstract Beauty,kendall,0.42844742680252923,0.5578690944176515,0.1294216676151223,True
bradley_terry,Abstract Liking,kendall,0.3688878878114897,0.4930452792600652,0.12415739144857552,True
bradley_terry,Representational Beauty,kendall,0.4920459431896594,0.6136758451285068,0.12162990193884743,True
bradley_terry,Representational Liking,kendall,0.5053722095640283,0.6273725962905387,0.12200038672651037,True
regression,Abstract Beauty,pair_accuracy,0.7163291139240506,0.7840506329113924,0.0677215189873418,True
regression,Abstract Liking,pair_accuracy,0.6417721518987342,0.7291139240506329,0.08734177215189876,True
regression,Representational Beauty,pair_accuracy,0.707051282051282,0.7864102564102564,0.07935897435897443,True
regression,Representational Liking,pair_accuracy,0.7038461538461538,0.8046153846153846,0.10076923076923083,True
regression,Abstract Beauty,mae,0.6146040797233582,0.5527801960706711,-0.061823883652687095,True
regression,Abstract Liking,mae,0.7072799593210221,0.5017246961593628,-0.20555526316165929,True
regression,Representational Beauty,mae,0.7955175459384918,0.5739294558763504,-0.22158809006214142,True
regression,Representational Liking,mae,0.8252481520175934,0.5325117826461792,-0.29273636937141423,True
regression,Abstract Beauty,r2,0.4281358980738916,0.4416733934454194,0.013537495371527819,True
regression,Abstract Liking,r2,-0.4925249092901929,0.29064892039024415,0.783173829680437,True
regression,Representational Beauty,r2,-0.33936062805936046,0.22131235765469745,0.5606729857140579,True
regression,Representational Liking,r2,-0.37565042610113486,0.41838075470390984,0.7940311808050446,True
regression,Abstract Beauty,pearson,0.6691276969246701,0.7801581206608489,0.11103042373617877,True
regression,Abstract Liking,pearson,0.47633105869686004,0.6870835848777915,0.2107525261809315,True
regression,Representational Beauty,pearson,0.5567043358562176,0.7627931629704079,0.2060888271141903,True
regression,Representational Liking,pearson,0.5553621586262238,0.7944338116809376,0.23907165305471378,True
regression,Abstract Beauty,spearman,0.6024195111879473,0.749706328733588,0.14728681754564066,True
regression,Abstract Liking,spearman,0.4094850382638741,0.6303584294448907,0.22087339118101662,True
regression,Representational Beauty,spearman,0.5626128208136809,0.7537898637500055,0.19117704293632454,True
regression,Representational Liking,spearman,0.561075236173729,0.7927175098308986,0.2316422736571696,True
regression,Abstract Beauty,kendall,0.4338134562947765,0.5622282871125149,0.1284148308177384,True
regression,Abstract Liking,kendall,0.2870617504809073,0.4591159856737085,0.17205423519280116,True
regression,Representational Beauty,kendall,0.40215395006039484,0.5726159533219264,0.17046200326153155,True
regression,Representational Liking,kendall,0.39917855114051687,0.6080914398495126,0.20891288870899577,True
