dataset,representation,category,target,mode,rater,objective,N,seed,train_examples,validation_examples,test_examples,train_pairs,validation_pairs,test_pairs,epochs_trained,pair_accuracy,mae,mse,r2,pearson,spearman,kendall
sidhu,clip-vit-b32,representational,beauty,within,3,regression,,0,140,20,76,0,0,760,98,0.7539473684210526,1.1552172899246216,1.836570143699646,0.33433543770930774,0.5848395713546779,0.5901859228957099,0.4360822104582348
sidhu,clip-vit-b32,representational,beauty,within,3,hinge,1,0,140,20,76,140,20,760,28,0.6736842105263158,1.256643533706665,2.24617862701416,0.18587299200264706,0.4683935246357578,0.4480556525144839,0.3303419222586274
sidhu,clip-vit-b32,representational,beauty,within,3,hinge,2,0,140,20,76,280,40,760,20,0.7302631578947368,1.163620948791504,1.9507087469100952,0.2929660514026149,0.544382310518813,0.5488333657804825,0.41138374898095426
sidhu,clip-vit-b32,representational,beauty,within,3,hinge,3,0,140,20,76,420,60,760,16,0.7223684210526315,1.1946325302124023,1.9274591207504272,0.3013928302743063,0.5564659091469366,0.5424285926245888,0.400578172084644
sidhu,clip-vit-b32,representational,beauty,within,3,hinge,4,0,140,20,76,560,80,760,27,0.7118421052631579,1.1790024042129517,2.0443155765533447,0.2590382664178479,0.530813769204542,0.5047100481043358,0.3851416336613437
sidhu,clip-vit-b32,representational,beauty,within,3,hinge,5,0,140,20,76,700,100,760,18,0.6776315789473685,1.247711420059204,2.1687140464782715,0.21395005375636267,0.5064411675530209,0.48574635019492846,0.36430230678988823
sidhu,clip-vit-b32,representational,beauty,within,3,hinge,6,0,140,20,76,840,100,760,16,0.6421052631578947,1.218788743019104,2.30257511138916,0.16543212899528315,0.4314371454529464,0.3812232369747224,0.2832604800675614
sidhu,clip-vit-b32,representational,beauty,within,3,hinge,7,0,140,20,76,980,100,760,17,0.6986842105263158,1.2005444765090942,2.1117424964904785,0.23459930273875118,0.5209235955699114,0.48876773231412185,0.37047692215920836
sidhu,clip-vit-b32,representational,beauty,within,3,hinge,8,0,140,20,76,1120,100,760,17,0.725,1.1830607652664185,1.9384801387786865,0.29739827611964387,0.5599629620992346,0.5585519128735561,0.4106119220597892
sidhu,clip-vit-b32,representational,beauty,within,3,hinge,9,0,140,20,76,1260,100,760,17,0.7078947368421052,1.2303980588912964,2.1133108139038086,0.2340308000588961,0.5000337856326951,0.5008811076307036,0.37279240292270344
sidhu,clip-vit-b32,representational,beauty,within,3,hinge,10,0,140,20,76,1400,100,760,16,0.6828947368421052,1.2206147909164429,2.1524879932403564,0.21983109455064387,0.5107045004333486,0.48691591746687435,0.36353047986872317
sidhu,clip-vit-b32,representational,beauty,within,3,bradley_terry,1,0,140,20,76,140,20,760,20,0.6868421052631579,1.2459020614624023,2.143824577331543,0.2229713040497452,0.47617351297230925,0.46768767457928884,0.3442348068395978
sidhu,clip-vit-b32,representational,beauty,within,3,bradley_terry,2,0,140,20,76,280,40,760,20,0.7447368421052631,1.1485953330993652,1.8522597551345825,0.32864878703297273,0.5777660432149787,0.5643997492332852,0.4268202874042546
sidhu,clip-vit-b32,representational,beauty,within,3,bradley_terry,3,0,140,20,76,420,60,760,16,0.6855263157894737,1.2378312349319458,2.13790225982666,0.22511770919260599,0.47910871265048627,0.47438483955316907,0.3388320183914426
sidhu,clip-vit-b32,representational,beauty,within,3,bradley_terry,4,0,140,20,76,560,80,760,17,0.6894736842105263,1.215104341506958,2.1342499256134033,0.22644145624495327,0.4809116825417732,0.4705419756596328,0.3434629799184328
sidhu,clip-vit-b32,representational,beauty,within,3,bradley_terry,5,0,140,20,76,700,100,760,18,0.6815789473684211,1.244865894317627,2.1785640716552734,0.21037980605741347,0.4779608153803565,0.45132765619195137,0.3396038453126076
sidhu,clip-vit-b32,representational,beauty,within,3,bradley_terry,6,0,140,20,76,840,100,760,16,0.6723684210526316,1.2176200151443481,2.1776816844940186,0.2106995665570356,0.4734739053310477,0.42680851374080137,0.3141335569141621
sidhu,clip-vit-b32,representational,beauty,within,3,bradley_terry,7,0,140,20,76,980,100,760,16,0.6736842105263158,1.2128932476043701,2.1578497886657715,0.21788773197347144,0.49522238395002205,0.44138633438041186,0.3272546145739674
sidhu,clip-vit-b32,representational,beauty,within,3,bradley_terry,8,0,140,20,76,1120,100,760,17,0.725,1.1797816753387451,1.9689439535140991,0.28635660877335556,0.5459230771084549,0.5673654376728622,0.41601471050794436
sidhu,clip-vit-b32,representational,beauty,within,3,bradley_terry,9,0,140,20,76,1260,100,760,16,0.6973684210526315,1.235690951347351,2.129297971725464,0.2282364708526744,0.4886977440874034,0.47100144851646863,0.34577846068192775
sidhu,clip-vit-b32,representational,beauty,within,3,bradley_terry,10,0,140,20,76,1400,100,760,16,0.6855263157894737,1.2166435718536377,2.0549440383911133,0.25518598334257325,0.5068538922532753,0.4968850861182221,0.37124874908037336
sidhu,clip-vit-b32,representational,beauty,within,3,regression,,1,140,20,76,0,0,760,62,0.6736842105263158,1.2602123022079468,2.7487919330596924,-0.1603465566880402,0.4142490847334557,0.4480923563609177,0.3346425293489381
sidhu,clip-vit-b32,representational,beauty,within,3,hinge,1,1,140,20,76,140,20,760,17,0.743421052631579,1.1297175884246826,1.8694534301757812,0.21084827020334684,0.537002770244726,0.5403626070938394,0.39150486499031917
sidhu,clip-vit-b32,representational,beauty,within,3,hinge,2,1,140,20,76,280,40,760,17,0.6802631578947368,1.1458234786987305,1.9815380573272705,0.16353399530427337,0.4813207270781277,0.48515889630740106,0.35615800769973094
sidhu,clip-vit-b32,representational,beauty,within,3,hinge,3,1,140,20,76,420,60,760,16,0.6973684210526315,1.1343433856964111,1.8746988773345947,0.2086340260541264,0.492003962805029,0.4965832292042924,0.36076846734632945
sidhu,clip-vit-b32,representational,beauty,within,3,hinge,4,1,140,20,76,560,80,760,16,0.7026315789473684,1.1331357955932617,1.9796160459518433,0.16434519244216916,0.46447729681904093,0.4806975692272281,0.353084367935332
sidhu,clip-vit-b32,representational,beauty,within,3,hinge,5,1,140,20,76,700,99,760,29,0.6960526315789474,1.1287492513656616,1.9508460760116577,0.1764901263075056,0.5287253417482134,0.5147759929050597,0.3745998462861248
sidhu,clip-vit-b32,representational,beauty,within,3,hinge,6,1,140,20,76,840,100,760,17,0.6763157894736842,1.2855396270751953,2.2281532287597656,0.05943050716177911,0.4289201089359267,0.462171248361588,0.33387411940783845
sidhu,clip-vit-b32,representational,beauty,within,3,hinge,7,1,140,20,76,980,100,760,16,0.7,1.2134720087051392,2.011763572692871,0.15077494763524746,0.46027711871647625,0.48000265846707657,0.35462118781753144
sidhu,clip-vit-b32,representational,beauty,within,3,hinge,8,1,140,20,76,1120,100,760,17,0.6868421052631579,1.1756470203399658,1.9963312149047852,0.15728934668928318,0.47579889040935086,0.4994184651057106,0.3630736971696286
sidhu,clip-vit-b32,representational,beauty,within,3,hinge,9,1,140,20,76,1260,100,760,17,0.6960526315789474,1.1936744451522827,2.06681227684021,0.12753720656446432,0.4801681076787645,0.48358839798945846,0.34616867846543425
sidhu,clip-vit-b32,representational,beauty,within,3,hinge,10,1,140,20,76,1400,100,760,16,0.7039473684210527,1.1173105239868164,1.8034042119979858,0.23872954202132768,0.5102647030871594,0.4934005379227983,0.36537892699292784
sidhu,clip-vit-b32,representational,beauty,within,3,bradley_terry,1,1,140,20,76,140,20,760,32,0.7421052631578947,1.1292428970336914,1.7785907983779907,0.24920410741303822,0.537066065986437,0.5576380885912069,0.4114835234589125
sidhu,clip-vit-b32,representational,beauty,within,3,bradley_terry,2,1,140,20,76,280,40,760,17,0.6894736842105263,1.1659759283065796,1.9836753606796265,0.16263170534927485,0.4890943506261465,0.509480772912705,0.37536825622722453
sidhu,clip-vit-b32,representational,beauty,within,3,bradley_terry,3,1,140,20,76,420,60,760,16,0.6828947368421052,1.1333513259887695,1.8468828201293945,0.22037599426087973,0.4948718117666431,0.476111158210228,0.3438634486421351
sidhu,clip-vit-b32,representational,beauty,within,3,bradley_terry,4,1,140,20,76,560,80,760,16,0.7052631578947368,1.1817611455917358,2.0449726581573486,0.13675643948500016,0.4756147323614641,0.5017950599054289,0.36845256675732685
sidhu,clip-vit-b32,representational,beauty,within,3,bradley_terry,5,1,140,20,76,700,99,760,17,0.6868421052631579,1.1953765153884888,2.1247804164886475,0.10306717338295801,0.4921226499573095,0.494164939758965,0.36000005740522967
sidhu,clip-vit-b32,representational,beauty,within,3,bradley_terry,6,1,140,20,76,840,100,760,16,0.6763157894736842,1.291261076927185,2.221346378326416,0.062303784809308205,0.42405907528154785,0.4645061485156972,0.33233729952563895
sidhu,clip-vit-b32,representational,beauty,within,3,bradley_terry,7,1,140,20,76,980,100,760,16,0.7092105263157895,1.1950457096099854,1.9690580368041992,0.16880223197544086,0.4743509407126112,0.48706295179021625,0.36000005740522967
sidhu,clip-vit-b32,representational,beauty,within,3,bradley_terry,8,1,140,20,76,1120,100,760,17,0.6828947368421052,1.1269410848617554,1.9007831811904907,0.19762311051391857,0.5031539084011456,0.4966249238499015,0.36691574687512735
sidhu,clip-vit-b32,representational,beauty,within,3,bradley_terry,9,1,140,20,76,1260,100,760,16,0.7,1.1278517246246338,1.9281011819839478,0.1860912474921781,0.5008250783619133,0.5168051323247023,0.383052355638222
sidhu,clip-vit-b32,representational,beauty,within,3,bradley_terry,10,1,140,20,76,1400,100,760,16,0.7171052631578947,1.1073791980743408,1.7742879390716553,0.25102041227362515,0.5320682055607904,0.5463527378463459,0.413020343341112
sidhu,clip-vit-b32,representational,beauty,within,3,regression,,2,140,20,76,0,0,760,73,0.6947368421052632,1.1997066736221313,2.36525559425354,0.03046505494635443,0.48755064840224804,0.4568440164174018,0.3455456696120311
sidhu,clip-vit-b32,representational,beauty,within,3,hinge,1,2,140,20,76,140,20,760,18,0.7328947368421053,1.1079682111740112,1.7770670652389526,0.27156773134626677,0.547806724379825,0.528824398559955,0.40166320883712187
sidhu,clip-vit-b32,representational,beauty,within,3,hinge,2,2,140,20,76,280,40,760,17,0.7263157894736842,1.1169039011001587,1.8939663171768188,0.2236499290374313,0.5340409302876026,0.537775038857272,0.39166967445457146
sidhu,clip-vit-b32,representational,beauty,within,3,hinge,3,2,140,20,76,420,60,760,17,0.7144736842105263,1.1161062717437744,1.81548011302948,0.2558220040566974,0.554137408713359,0.5262253772313863,0.3985882751809525
sidhu,clip-vit-b32,representational,beauty,within,3,hinge,4,2,140,20,76,560,80,760,17,0.7263157894736842,1.1371657848358154,1.8544301986694336,0.239856120419629,0.5511523373875207,0.5659056226488393,0.43241254539881535
sidhu,clip-vit-b32,representational,beauty,within,3,hinge,5,2,140,20,76,700,100,760,16,0.7460526315789474,1.149724006652832,1.9564212560653687,0.1980491257168615,0.548552745131019,0.5479487480150917,0.4216502776022226
sidhu,clip-vit-b32,representational,beauty,within,3,hinge,6,2,140,20,76,840,100,760,28,0.7013157894736842,1.1985527276992798,2.041464328765869,0.1631893826733697,0.5270808487366594,0.5205408867320034,0.3939758746966984
sidhu,clip-vit-b32,representational,beauty,within,3,hinge,7,2,140,20,76,980,100,760,16,0.7118421052631579,1.2122973203659058,2.0779333114624023,0.14824052189615367,0.5342800785292638,0.511451261336902,0.38936347421244444
sidhu,clip-vit-b32,representational,beauty,within,3,hinge,8,2,140,20,76,1120,100,760,16,0.7684210526315789,1.037552833557129,1.6103553771972656,0.3399039933463971,0.6164366092609725,0.6097415224900467,0.4754616165851864
sidhu,clip-vit-b32,representational,beauty,within,3,hinge,9,2,140,20,76,1260,100,760,16,0.7171052631578947,1.1973016262054443,2.0333361625671387,0.16652113877314811,0.5084274641212687,0.505071845348597,0.36860767203330125
sidhu,clip-vit-b32,representational,beauty,within,3,hinge,10,2,140,20,76,1400,100,760,16,0.7236842105263158,1.1698585748672485,1.982455849647522,0.18737740472392705,0.5511267150013737,0.5764684900804556,0.4408686129532811
sidhu,clip-vit-b32,representational,beauty,within,3,bradley_terry,1,2,140,20,76,140,20,760,17,0.7118421052631579,1.1401561498641968,1.8953431844711304,0.2230856003192403,0.509382516770529,0.4948703391712202,0.37936993982989403
sidhu,clip-vit-b32,representational,beauty,within,3,bradley_terry,2,2,140,20,76,280,40,760,17,0.743421052631579,1.1260343790054321,1.850685715675354,0.24139092662909456,0.5463148544513388,0.5738416717323299,0.41780661053201096
sidhu,clip-vit-b32,representational,beauty,within,3,bradley_terry,3,2,140,20,76,420,60,760,18,0.7171052631578947,1.1800956726074219,1.9872169494628906,0.185425833818597,0.5312289365101606,0.5169272741896083,0.38782600738435974
sidhu,clip-vit-b32,representational,beauty,within,3,bradley_terry,4,2,140,20,76,560,80,760,18,0.7605263157894737,1.0737537145614624,1.7215427160263062,0.29432753018700664,0.6008897953097403,0.6155233025578787,0.46854301585880526
sidhu,clip-vit-b32,representational,beauty,within,3,bradley_terry,5,2,140,20,76,700,100,760,16,0.7539473684210526,1.1262956857681274,1.8480558395385742,0.24246898023793406,0.5614864315903105,0.5632510072811568,0.427031411500519
sidhu,clip-vit-b32,representational,beauty,within,3,bradley_terry,6,2,140,20,76,840,100,760,16,0.6684210526315789,1.2262277603149414,2.098956346511841,0.13962286844553884,0.4860486342367949,0.4745229208555805,0.35169553692436983
sidhu,clip-vit-b32,representational,beauty,within,3,bradley_terry,7,2,140,20,76,980,100,760,16,0.7315789473684211,1.1877089738845825,1.9443597793579102,0.20299325345718788,0.5686417256583809,0.5696860173085756,0.4216502776022226
sidhu,clip-vit-b32,representational,beauty,within,3,bradley_terry,8,2,140,20,76,1120,100,760,16,0.743421052631579,1.0811426639556885,1.7721548080444336,0.27358129776198237,0.5752781711853459,0.5732996298509707,0.4462497468515774
sidhu,clip-vit-b32,representational,beauty,within,3,bradley_terry,9,2,140,20,76,1260,100,760,16,0.7552631578947369,1.1762895584106445,1.9500066041946411,0.20067865393375994,0.5725383363424044,0.571673504206893,0.43010634515668833
sidhu,clip-vit-b32,representational,beauty,within,3,bradley_terry,10,2,140,20,76,1400,100,760,16,0.7236842105263158,1.1218023300170898,1.805100917816162,0.2600763746112994,0.5882657765996555,0.586975763472958,0.44394354660945046
sidhu,clip-vit-b32,representational,beauty,within,3,regression,,3,140,20,76,0,0,760,34,0.5842105263157895,2.2351794242858887,7.71518087387085,-1.877252018696732,0.18660606883895525,0.18285812610606747,0.1357386127158641
sidhu,clip-vit-b32,representational,beauty,within,3,hinge,1,3,140,20,76,140,20,760,28,0.7144736842105263,1.112421989440918,1.9305683374404907,0.2800256870839165,0.5386749139734093,0.49483347212095885,0.38568223386405576
sidhu,clip-vit-b32,representational,beauty,within,3,hinge,2,3,140,20,76,280,40,760,16,0.7013157894736842,1.1581977605819702,2.0447542667388916,0.237441913972275,0.5026462818132131,0.4633119625868964,0.35799617121379457
sidhu,clip-vit-b32,representational,beauty,within,3,hinge,3,3,140,20,76,420,60,760,16,0.7157894736842105,1.1164189577102661,1.8750050067901611,0.3007470757102264,0.5628989406309302,0.5452929154818377,0.4118301819226358
sidhu,clip-vit-b32,representational,beauty,within,3,hinge,4,3,140,20,76,560,80,760,16,0.7157894736842105,1.0992188453674316,1.892874836921692,0.29408275228409053,0.5524464186778459,0.5003257510208065,0.3810678900890122
sidhu,clip-vit-b32,representational,beauty,within,3,hinge,5,3,140,20,76,700,100,760,17,0.6986842105263158,1.1923494338989258,2.075587511062622,0.22594318354463205,0.5313548355443345,0.4683175838627069,0.35261277014291037
sidhu,clip-vit-b32,representational,beauty,within,3,hinge,6,3,140,20,76,840,100,760,16,0.7276315789473684,1.1976971626281738,2.0253922939300537,0.2446625070569528,0.5975842547809407,0.5575984011182054,0.42413509865608523
sidhu,clip-vit-b32,representational,beauty,within,3,hinge,7,3,140,20,76,980,100,760,16,0.6907894736842105,1.1543407440185547,2.0252301692962646,0.2447230302203376,0.4972846481559827,0.4580560602472953,0.34107691070530155
sidhu,clip-vit-b32,representational,beauty,within,3,hinge,8,3,140,20,76,1120,100,760,16,0.7236842105263158,1.2312994003295898,2.0872559547424316,0.22159152396098747,0.5431664084871954,0.5158848904864509,0.39029657763909925
sidhu,clip-vit-b32,representational,beauty,within,3,hinge,9,3,140,20,76,1260,100,760,18,0.7144736842105263,1.1302400827407837,1.8787572383880615,0.29934782394916415,0.5859154078352731,0.5366860277881524,0.40875395273927345
sidhu,clip-vit-b32,representational,beauty,within,3,hinge,10,3,140,20,76,1400,100,760,16,0.7131578947368421,1.1551774740219116,1.9465041160583496,0.274082656706506,0.5539655963330006,0.5253121438892274,0.3933728068224616
sidhu,clip-vit-b32,representational,beauty,within,3,bradley_terry,1,3,140,20,76,140,20,760,24,0.718421052631579,1.1036869287490845,1.8462086915969849,0.3114862231040838,0.5699214206106262,0.530470714704021,0.4064467808517517
sidhu,clip-vit-b32,representational,beauty,within,3,bradley_terry,2,3,140,20,76,280,40,760,16,0.7131578947368421,1.1182584762573242,1.9338839054107666,0.27878915792762615,0.5487134972659078,0.5212103153437715,0.3987562078933458
sidhu,clip-vit-b32,representational,beauty,within,3,bradley_terry,3,3,140,20,76,420,60,760,16,0.7157894736842105,1.1044172048568726,1.8525279760360718,0.30912962420079093,0.5753905227984433,0.5460298541696654,0.41336829651431695
sidhu,clip-vit-b32,representational,beauty,within,3,bradley_terry,4,3,140,20,76,560,80,760,16,0.7078947368421052,1.1146398782730103,1.914341926574707,0.2860771151830155,0.5404191780398833,0.46798387577765294,0.3626105149888381
sidhu,clip-vit-b32,representational,beauty,within,3,bradley_terry,5,3,140,20,76,700,100,760,16,0.7263157894736842,1.224989652633667,2.1189887523651123,0.20975727707256664,0.5477373185558463,0.5204594721524,0.3987562078933458
sidhu,clip-vit-b32,representational,beauty,within,3,bradley_terry,6,3,140,20,76,840,100,760,16,0.7381578947368421,1.1880853176116943,1.9975265264511108,0.25505477312975566,0.6030645312723664,0.5841699073906329,0.4433615310521
sidhu,clip-vit-b32,representational,beauty,within,3,bradley_terry,7,3,140,20,76,980,100,760,16,0.6907894736842105,1.1867984533309937,2.2224910259246826,0.1711577675799847,0.4720058110106038,0.442483016278107,0.3349244523385769
sidhu,clip-vit-b32,representational,beauty,within,3,bradley_terry,8,3,140,20,76,1120,100,760,16,0.7302631578947368,1.1458406448364258,1.9113578796386719,0.2871899856583072,0.5829193682500318,0.5403707212272908,0.41336829651431695
sidhu,clip-vit-b32,representational,beauty,within,3,bradley_terry,9,3,140,20,76,1260,100,760,16,0.7118421052631579,1.1687549352645874,1.989516258239746,0.25804203603184517,0.5836465371976374,0.5179010435003191,0.4110611246267952
sidhu,clip-vit-b32,representational,beauty,within,3,bradley_terry,10,3,140,20,76,1400,100,760,16,0.7276315789473684,1.213030219078064,2.082918167114258,0.22320935342796833,0.5959560226317535,0.5672898400883162,0.4349019007978535
sidhu,clip-vit-b32,representational,beauty,within,3,regression,,4,140,20,76,0,0,760,58,0.6723684210526316,1.6583784818649292,4.1608123779296875,-1.0380639863875896,0.5012072229583282,0.44555258966572,0.3374163999854808
sidhu,clip-vit-b32,representational,beauty,within,3,hinge,1,4,140,20,76,140,20,760,16,0.618421052631579,1.0768883228302002,1.7902764081954956,0.12308026050158816,0.4155517914950906,0.3681902996024261,0.27755219998805675
sidhu,clip-vit-b32,representational,beauty,within,3,hinge,2,4,140,20,76,280,40,760,18,0.7447368421052631,0.9531283378601074,1.415299415588379,0.3067529519559866,0.5626831348017731,0.5655074442654859,0.4392632856953839
sidhu,clip-vit-b32,representational,beauty,within,3,hinge,3,4,140,20,76,420,60,760,19,0.6763157894736842,1.072931170463562,1.7968143224716187,0.11987796090580971,0.42879889813411864,0.4172925837433574,0.3102053999866517
sidhu,clip-vit-b32,representational,beauty,within,3,hinge,4,4,140,20,76,560,80,760,17,0.6934210526315789,1.1067326068878174,1.8458478450775146,0.09586008926187284,0.4473259996739216,0.43182071333270844,0.3241996285574781
sidhu,clip-vit-b32,representational,beauty,within,3,hinge,5,4,140,20,76,700,100,760,25,0.7157894736842105,1.0913668870925903,1.6944468021392822,0.17002009825494657,0.5460219069559571,0.5206099360922418,0.4035002571254943
sidhu,clip-vit-b32,representational,beauty,within,3,hinge,6,4,140,20,76,840,100,760,18,0.6578947368421053,1.0474945306777954,1.6911782026290894,0.17162092205681545,0.47527464286758914,0.419765159644622,0.3195348857005359
sidhu,clip-vit-b32,representational,beauty,within,3,hinge,7,4,140,20,76,980,100,760,22,0.7118421052631579,1.0078215599060059,1.570125699043274,0.2309153262545749,0.5093818989334977,0.4722619971415267,0.3615175714130151
sidhu,clip-vit-b32,representational,beauty,within,3,hinge,8,4,140,20,76,1120,100,760,21,0.7131578947368421,1.0958610773086548,1.800559163093567,0.11804362761231302,0.5492680313382152,0.4996838417414266,0.3832863714120784
sidhu,clip-vit-b32,representational,beauty,within,3,hinge,9,4,140,20,76,1260,100,760,17,0.7473684210526316,0.9898156523704529,1.4352340698242188,0.29698846777885535,0.5467325128349785,0.5213503119270837,0.3965031428400811
sidhu,clip-vit-b32,representational,beauty,within,3,hinge,10,4,140,20,76,1400,100,760,16,0.7039473684210527,1.066182017326355,1.7104454040527344,0.1621833708509146,0.5180141189448477,0.4918470333764018,0.37862162855513626
sidhu,clip-vit-b32,representational,beauty,within,3,bradley_terry,1,4,140,20,76,140,20,760,16,0.6131578947368421,1.0957711935043335,1.8554139137268066,0.09117446536361473,0.3880839306175403,0.3433108776806626,0.2542284857033461
sidhu,clip-vit-b32,representational,beauty,within,3,bradley_terry,2,4,140,20,76,280,40,760,18,0.7289473684210527,0.9723057746887207,1.4647462368011475,0.2825327340177145,0.5503042672789888,0.5344256285574995,0.406610085696789
sidhu,clip-vit-b32,representational,beauty,within,3,bradley_terry,3,4,140,20,76,420,60,760,16,0.6486842105263158,1.105494737625122,1.9207733869552612,0.05915981333753062,0.4052460943003098,0.36758961732132794,0.27210999998829094
sidhu,clip-vit-b32,representational,beauty,within,3,bradley_terry,4,4,140,20,76,560,80,760,18,0.6736842105263158,1.0894277095794678,1.7847195863723755,0.12580223023391723,0.4436813306165277,0.4260234308523424,0.3148701428435938
sidhu,clip-vit-b32,representational,beauty,within,3,bradley_terry,5,4,140,20,76,700,100,760,18,0.7210526315789474,1.0969716310501099,1.7190818786621094,0.1579531194262761,0.535630011716421,0.5077441597924416,0.38717365712619684
sidhu,clip-vit-b32,representational,beauty,within,3,bradley_terry,6,4,140,20,76,840,100,760,17,0.656578947368421,1.0596435070037842,1.7135692834854126,0.1606533448658728,0.47409032307041343,0.4437365734670511,0.33819385712830446
sidhu,clip-vit-b32,representational,beauty,within,3,bradley_terry,7,4,140,20,76,980,100,760,16,0.6934210526315789,1.0111862421035767,1.5213876962661743,0.25478839573124046,0.5072040413942887,0.4526629915512773,0.33663894284265705
sidhu,clip-vit-b32,representational,beauty,within,3,bradley_terry,8,4,140,20,76,1120,100,760,17,0.7157894736842105,1.0410990715026855,1.6579217910766602,0.1879107138856675,0.566851643674454,0.5242838765557026,0.4027227999826706
sidhu,clip-vit-b32,representational,beauty,within,3,bradley_terry,9,4,140,20,76,1260,100,760,16,0.7065789473684211,0.9970263242721558,1.5550369024276733,0.23830614052333676,0.5023379805215882,0.4732957294392305,0.3615175714130151
sidhu,clip-vit-b32,representational,beauty,within,3,bradley_terry,10,4,140,20,76,1400,100,760,16,0.7052631578947368,1.0177756547927856,1.5976366996765137,0.21743987296902956,0.5215888543971232,0.49825896749324033,0.37862162855513626
sidhu,clip-vit-b32,representational,beauty,within,3,regression,,5,140,20,76,0,0,760,43,0.6407894736842106,1.7142179012298584,4.8437275886535645,-0.819193122646743,0.36673863261239603,0.3156430166250173,0.24414254709353508
sidhu,clip-vit-b32,representational,beauty,within,3,hinge,1,5,140,20,76,140,20,760,16,0.6960526315789474,1.2267744541168213,2.2096893787384033,0.17009137744250946,0.4436662179496125,0.4574742915937668,0.33652080815595375
sidhu,clip-vit-b32,representational,beauty,within,3,hinge,2,5,140,20,76,280,40,760,20,0.6973684210526315,1.2438472509384155,2.26278018951416,0.1501515588340998,0.4620578175999981,0.49590671269597225,0.3605857333066678
sidhu,clip-vit-b32,representational,beauty,within,3,hinge,3,5,140,20,76,420,60,760,16,0.7078947368421052,1.2341878414154053,2.0911855697631836,0.21459868361971424,0.46538301272084936,0.45729274309292056,0.3489414146853546
sidhu,clip-vit-b32,representational,beauty,within,3,hinge,4,5,140,20,76,560,80,760,16,0.6947368421052632,1.3282482624053955,2.523475408554077,0.05224037035203244,0.45336153725656914,0.4811035272423611,0.35282285422579235
sidhu,clip-vit-b32,representational,beauty,within,3,hinge,5,5,140,20,76,700,100,760,16,0.7052631578947368,1.1959178447723389,2.1323883533477783,0.19912386470072208,0.5177686227434606,0.5135029520087553,0.3807692189169442
sidhu,clip-vit-b32,representational,beauty,within,3,hinge,6,5,140,20,76,840,100,760,16,0.6789473684210526,1.2634693384170532,2.288997173309326,0.1403051008483065,0.41931794844509795,0.42446039497835486,0.31633732254567737
sidhu,clip-vit-b32,representational,beauty,within,3,hinge,7,5,140,20,76,980,100,760,16,0.7394736842105263,1.1524019241333008,1.9202197790145874,0.27880940948997657,0.5481406968317515,0.5731067213634838,0.42889906921837245
sidhu,clip-vit-b32,representational,beauty,within,3,hinge,8,5,140,20,76,1120,100,760,19,0.7381578947368421,1.0990290641784668,1.9710581302642822,0.2597157877825266,0.5460274678061978,0.529144053620118,0.40793929570000853
sidhu,clip-vit-b32,representational,beauty,within,3,hinge,9,5,140,20,76,1260,100,760,16,0.7105263157894737,1.1822397708892822,2.1126017570495605,0.20655517490896724,0.5012727826688206,0.5155279160566549,0.3908609617220824
sidhu,clip-vit-b32,representational,beauty,within,3,hinge,10,5,140,20,76,1400,100,760,30,0.6828947368421052,1.258989691734314,2.4806549549102783,0.06832288750531768,0.5107215873158566,0.5107238634188792,0.37611149146841893
sidhu,clip-vit-b32,representational,beauty,within,3,bradley_terry,1,5,140,20,76,140,20,760,25,0.7026315789473684,1.1330876350402832,1.9130507707595825,0.281502034148185,0.5440333063415892,0.5482066462089661,0.4125970231485338
sidhu,clip-vit-b32,representational,beauty,within,3,bradley_terry,2,5,140,20,76,280,40,760,20,0.6921052631578948,1.2193645238876343,2.297069549560547,0.13727326419460284,0.4848453176673502,0.48829564092972877,0.3636908849390181
sidhu,clip-vit-b32,representational,beauty,within,3,bradley_terry,3,5,140,20,76,420,60,760,16,0.7118421052631579,1.1993732452392578,2.082993745803833,0.2176752660128306,0.47245765461809697,0.46983355492060247,0.35282285422579235
sidhu,clip-vit-b32,representational,beauty,within,3,bradley_terry,4,5,140,20,76,560,80,760,35,0.7421052631578947,1.1115130186080933,2.0309321880340576,0.23722842635576968,0.5721283664497605,0.5656771980980865,0.4304516450345475
sidhu,clip-vit-b32,representational,beauty,within,3,bradley_terry,5,5,140,20,76,700,100,760,16,0.6802631578947368,1.2182430028915405,2.1764771938323975,0.18256494107471155,0.49092590745567577,0.4855305176091486,0.35592800585814255
sidhu,clip-vit-b32,representational,beauty,within,3,bradley_terry,6,5,140,20,76,840,100,760,16,0.6513157894736842,1.284241795539856,2.339282274246216,0.1214190345816406,0.38771207046011114,0.38587435591389496,0.27985179086556244
sidhu,clip-vit-b32,representational,beauty,within,3,bradley_terry,7,5,140,20,76,980,100,760,16,0.7328947368421053,1.1546589136123657,1.8939054012298584,0.28869254433482117,0.5468642234191066,0.5496869647543274,0.41337331105662134
sidhu,clip-vit-b32,representational,beauty,within,3,bradley_terry,8,5,140,20,76,1120,100,760,17,0.7289473684210527,1.1601983308792114,1.912042498588562,0.2818806322311017,0.5455437757918844,0.5319510727485858,0.3955186891706077
sidhu,clip-vit-b32,representational,beauty,within,3,bradley_terry,9,5,140,20,76,1260,100,760,16,0.7302631578947368,1.1337027549743652,1.894667148590088,0.28840648599646346,0.5717273066475173,0.5832455068722778,0.43433308457498526
sidhu,clip-vit-b32,representational,beauty,within,3,bradley_terry,10,5,140,20,76,1400,100,760,16,0.6947368421052632,1.1863173246383667,2.0049993991851807,0.24696813320847055,0.5264374905164004,0.5513348665312388,0.40250528034339567
sidhu,clip-vit-b32,representational,beauty,within,3,regression,,6,140,20,76,0,0,760,80,0.7302631578947368,1.3113535642623901,2.442105770111084,-0.011299374125182782,0.5017940943798749,0.5358882794169818,0.39467314824994415
sidhu,clip-vit-b32,representational,beauty,within,3,hinge,1,6,140,20,76,140,20,760,19,0.6776315789473685,1.2722052335739136,2.3016345500946045,0.04687108154800357,0.42758324386340973,0.4034674724308758,0.2952340151947825
sidhu,clip-vit-b32,representational,beauty,within,3,hinge,2,6,140,20,76,280,40,760,19,0.6986842105263158,1.3022761344909668,2.513908624649048,-0.04103356361893451,0.4321114767672043,0.44459332927589884,0.3353180068139174
sidhu,clip-vit-b32,representational,beauty,within,3,hinge,3,6,140,20,76,420,60,760,27,0.7289473684210527,1.0899057388305664,1.6907073259353638,0.2998619695282493,0.5808351622290502,0.5739255231971893,0.4309029099057008
sidhu,clip-vit-b32,representational,beauty,within,3,hinge,4,6,140,20,76,560,80,760,19,0.7223684210526315,1.1487218141555786,1.9440832138061523,0.19493662631470443,0.5246811316392268,0.5378638787647468,0.40083991619134957
sidhu,clip-vit-b32,representational,beauty,within,3,hinge,5,6,140,20,76,700,100,760,16,0.725,1.1686476469039917,1.9320642948150635,0.19991370524124152,0.5168165462446268,0.5355961133162561,0.4016107621840252
sidhu,clip-vit-b32,representational,beauty,within,3,hinge,6,6,140,20,76,840,100,760,19,0.7539473684210526,1.1013034582138062,1.7398701906204224,0.27950312133756827,0.5974240356063092,0.6247345993805533,0.47252859351018706
sidhu,clip-vit-b32,representational,beauty,within,3,hinge,7,6,140,20,76,980,100,760,16,0.725,1.237483024597168,2.186957836151123,0.0943598086215589,0.5151799865376212,0.5560338276955993,0.40546499214740356
sidhu,clip-vit-b32,representational,beauty,within,3,hinge,8,6,140,20,76,1120,100,760,16,0.7052631578947368,1.1699138879776,1.9989618062973022,0.17221075682205045,0.5192798602308812,0.5373351972491477,0.4000690701986738
sidhu,clip-vit-b32,representational,beauty,within,3,hinge,9,6,140,20,76,1260,100,760,17,0.6934210526315789,1.2168983221054077,2.1104536056518555,0.1260410885345673,0.553249594035151,0.5586494099306685,0.4077775301254306
sidhu,clip-vit-b32,representational,beauty,within,3,hinge,10,6,140,20,76,1400,100,760,16,0.6657894736842105,1.1616504192352295,2.05843186378479,0.14758360130573134,0.45460812493183766,0.43525792672413616,0.32375531692378234
sidhu,clip-vit-b32,representational,beauty,within,3,bradley_terry,1,6,140,20,76,140,20,760,20,0.6789473684210526,1.2517573833465576,2.2062113285064697,0.08638672868510677,0.4416718814391061,0.3949111794810486,0.29137978523140406
sidhu,clip-vit-b32,representational,beauty,within,3,bradley_terry,2,6,140,20,76,280,40,760,19,0.7263157894736842,1.234639048576355,2.2972960472106934,0.048667809689062924,0.49420708305115113,0.5106924313972467,0.39467314824994415
sidhu,clip-vit-b32,representational,beauty,within,3,bradley_terry,3,6,140,20,76,420,60,760,18,0.7381578947368421,1.1539123058319092,1.812156081199646,0.24956883851713108,0.5526423831470311,0.5506357111679036,0.40854837611810624
sidhu,clip-vit-b32,representational,beauty,within,3,bradley_terry,4,6,140,20,76,560,80,760,18,0.7157894736842105,1.1779866218566895,1.9801732301712036,0.17999131265598567,0.5133302250851557,0.5193182877043897,0.3861938423305118
sidhu,clip-vit-b32,representational,beauty,within,3,bradley_terry,5,6,140,20,76,700,100,760,16,0.7276315789473684,1.2013572454452515,2.0456576347351074,0.15287348071911055,0.5435511647738167,0.5808957716002192,0.4339862938764034
sidhu,clip-vit-b32,representational,beauty,within,3,bradley_terry,6,6,140,20,76,840,100,760,18,0.7421052631578947,1.1103134155273438,1.6665894985198975,0.30984937984536753,0.610232894710407,0.6122131950637331,0.4571116736566736
sidhu,clip-vit-b32,representational,beauty,within,3,bradley_terry,7,6,140,20,76,980,100,760,16,0.7065789473684211,1.263654112815857,2.2404274940490723,0.07221754809024217,0.49022216559706067,0.5108593834548044,0.373860306447701
sidhu,clip-vit-b32,representational,beauty,within,3,bradley_terry,8,6,140,20,76,1120,100,760,16,0.6776315789473685,1.1719406843185425,2.072927713394165,0.1415807211993898,0.523529238984338,0.5185670034453804,0.3892772263012144
sidhu,clip-vit-b32,representational,beauty,within,3,bradley_terry,9,6,140,20,76,1260,100,760,16,0.6973684210526315,1.1713757514953613,1.8919627666473389,0.21652014078392268,0.5591515115083894,0.5426776630909911,0.4070066841327549
sidhu,clip-vit-b32,representational,beauty,within,3,bradley_terry,10,6,140,20,76,1400,100,760,16,0.7131578947368421,1.114047646522522,1.9487701654434204,0.19299562927233116,0.524487661816238,0.5254259504767053,0.3931314562645928
sidhu,clip-vit-b32,representational,beauty,within,3,regression,,7,140,20,76,0,0,760,65,0.6039473684210527,1.3903648853302002,2.801415205001831,-0.25833834982889603,0.31299244527326664,0.29071375919645115,0.21391009361114785
sidhu,clip-vit-b32,representational,beauty,within,3,hinge,1,7,140,20,76,140,20,760,16,0.618421052631579,1.1651912927627563,2.023338556289673,0.09115768237830668,0.3106124920414004,0.3322144238712298,0.23634551030092465
sidhu,clip-vit-b32,representational,beauty,within,3,hinge,2,7,140,20,76,280,40,760,16,0.6473684210526316,1.176069974899292,2.0620579719543457,0.07376572899316403,0.35680051204690244,0.3654902339413329,0.26497000745684685
sidhu,clip-vit-b32,representational,beauty,within,3,hinge,3,7,140,20,76,420,60,760,16,0.6684210526315789,1.1240347623825073,1.8908635377883911,0.15066267470738604,0.42752611210016767,0.43004837237227017,0.31448265118600943
sidhu,clip-vit-b32,representational,beauty,within,3,hinge,4,7,140,20,76,560,80,760,16,0.6631578947368421,1.1016262769699097,1.875636100769043,0.15750265757780235,0.4146463241377205,0.4446997659138195,0.32144536671042295
sidhu,clip-vit-b32,representational,beauty,within,3,hinge,5,7,140,20,76,700,100,760,16,0.6789473684210526,1.1154531240463257,1.8688606023788452,0.16054599968836003,0.4206274395910441,0.4238169994768633,0.3051990304867914
sidhu,clip-vit-b32,representational,beauty,within,3,hinge,6,7,140,20,76,840,100,760,16,0.6947368421052632,1.1225876808166504,1.8869194984436035,0.1524342636123277,0.4179391450888943,0.42369153559306316,0.30906720577813224
sidhu,clip-vit-b32,representational,beauty,within,3,hinge,7,7,140,20,76,980,100,760,16,0.6815789473684211,1.149040937423706,1.8657015562057495,0.161964932217874,0.4189118455979042,0.4635332889153734,0.34310714834193157
sidhu,clip-vit-b32,representational,beauty,within,3,hinge,8,7,140,20,76,1120,100,760,16,0.6394736842105263,1.1219803094863892,1.8275219202041626,0.1791145469986951,0.4285539459378924,0.4222277902820616,0.3013308551954506
sidhu,clip-vit-b32,representational,beauty,within,3,hinge,9,7,140,20,76,1260,100,760,18,0.6881578947368421,1.13405179977417,1.9263815879821777,0.1347087220714458,0.45618375297635794,0.4493419296144246,0.33846533799232253
sidhu,clip-vit-b32,representational,beauty,within,3,hinge,10,7,140,20,76,1400,100,760,20,0.6855263157894737,1.146688461303711,2.007258653640747,0.09838049777267,0.42794035910810635,0.434523250894475,0.32531354200176377
sidhu,clip-vit-b32,representational,beauty,within,3,bradley_terry,1,7,140,20,76,140,20,760,16,0.6289473684210526,1.192615270614624,2.0835256576538086,0.06412281222924654,0.3195487549601239,0.36137780663899505,0.256460021815897
sidhu,clip-vit-b32,representational,beauty,within,3,bradley_terry,2,7,140,20,76,280,40,760,16,0.6276315789473684,1.1712654829025269,2.066065549850464,0.07196551492965675,0.35699316659156466,0.339979244235305,0.2440818608836063
sidhu,clip-vit-b32,representational,beauty,within,3,bradley_terry,3,7,140,20,76,420,60,760,16,0.65,1.11741304397583,1.9037495851516724,0.14487457337501153,0.42031248545026756,0.4060847705664439,0.2935945046127689
sidhu,clip-vit-b32,representational,beauty,within,3,bradley_terry,4,7,140,20,76,560,80,760,16,0.6552631578947369,1.1177326440811157,1.9267783164978027,0.13453053494423117,0.38177373060170794,0.409165605935314,0.2935945046127689
sidhu,clip-vit-b32,representational,beauty,within,3,bradley_terry,5,7,140,20,76,700,100,760,16,0.6868421052631579,1.106797456741333,1.8263943195343018,0.17962102585659634,0.43431549482193077,0.43982061487714746,0.3245399069434956
sidhu,clip-vit-b32,representational,beauty,within,3,bradley_terry,6,7,140,20,76,840,100,760,16,0.6828947368421052,1.1247276067733765,1.8818867206573486,0.15469500607150133,0.4192271187348524,0.42707906045566685,0.3067463006033278
sidhu,clip-vit-b32,representational,beauty,within,3,bradley_terry,7,7,140,20,76,980,100,760,18,0.6723684210526316,1.1466991901397705,1.9396926164627075,0.1287296694941642,0.44940111376490677,0.42859856749280184,0.3237662718852274
sidhu,clip-vit-b32,representational,beauty,within,3,bradley_terry,8,7,140,20,76,1120,100,760,16,0.6552631578947369,1.0965570211410522,1.7415329217910767,0.21773895245252683,0.4672774632126675,0.4589050656463017,0.3353707977592499
sidhu,clip-vit-b32,representational,beauty,within,3,bradley_terry,9,7,140,20,76,1260,100,760,16,0.6855263157894737,1.1001734733581543,1.8095617294311523,0.18718190287210057,0.4392723265918903,0.45732979688303327,0.33382352764271356
sidhu,clip-vit-b32,representational,beauty,within,3,bradley_terry,10,7,140,20,76,1400,100,760,16,0.7105263157894737,1.122470498085022,1.868514060974121,0.16070157575670319,0.42015571489173453,0.4744765276690521,0.34774895869154054
sidhu,clip-vit-b32,representational,beauty,within,3,regression,,8,140,20,76,0,0,760,54,0.6328947368421053,1.556381344795227,3.7999372482299805,-0.6984010478055227,0.38893292239663424,0.3603034184603306,0.27078842346546456
sidhu,clip-vit-b32,representational,beauty,within,3,hinge,1,8,140,20,76,140,20,760,24,0.6631578947368421,1.10197913646698,1.9878243207931519,0.11153190164728932,0.4526569152272941,0.4207640487404939,0.3198104656445573
sidhu,clip-vit-b32,representational,beauty,within,3,hinge,2,8,140,20,76,280,40,760,16,0.6394736842105263,1.1773182153701782,2.1214354038238525,0.05181374607961764,0.40706224681343883,0.36161747608954103,0.27078842346546456
sidhu,clip-vit-b32,representational,beauty,within,3,hinge,3,8,140,20,76,420,60,760,17,0.6671052631578948,1.1575943231582642,2.042881488800049,0.08692377638524473,0.4227915496303467,0.4144174299781369,0.31669795503001175
sidhu,clip-vit-b32,representational,beauty,within,3,hinge,4,8,140,20,76,560,80,760,16,0.6118421052631579,1.1691300868988037,2.0411739349365234,0.08768696030926837,0.4001697083513136,0.3393344137388867,0.24822272151000918
sidhu,clip-vit-b32,representational,beauty,within,3,hinge,5,8,140,20,76,700,100,760,16,0.6684210526315789,1.151615023612976,2.1102294921875,0.056822273118117494,0.3923592181363347,0.43035387356643423,0.3260354868736484
sidhu,clip-vit-b32,representational,beauty,within,3,hinge,6,8,140,20,76,840,100,760,16,0.6578947368421053,1.185831069946289,1.9464792013168335,0.1300113652977194,0.4378968098324094,0.3957410364395708,0.2964666360354655
sidhu,clip-vit-b32,representational,beauty,within,3,hinge,7,8,140,20,76,980,100,760,16,0.6921052631578948,1.1801003217697144,2.1220486164093018,0.051539592664756606,0.37778716958655423,0.4103354637256958,0.31125106145455705
sidhu,clip-vit-b32,representational,beauty,within,3,hinge,8,8,140,20,76,1120,100,760,16,0.7157894736842105,1.0574089288711548,1.7113332748413086,0.23511093061925137,0.518313688422495,0.5400916649419908,0.4186326776563792
sidhu,clip-vit-b32,representational,beauty,within,3,hinge,9,8,140,20,76,1260,100,760,16,0.6644736842105263,1.1969807147979736,2.182746648788452,0.024410354966636127,0.4319900032496662,0.4064911461934311,0.3019135296109203
sidhu,clip-vit-b32,representational,beauty,within,3,hinge,10,8,140,20,76,1400,100,760,16,0.7197368421052631,1.103074073791504,1.7322736978530884,0.22575153173074103,0.5073248892804259,0.47975684869015617,0.3579387206727405
sidhu,clip-vit-b32,representational,beauty,within,3,bradley_terry,1,8,140,20,76,140,20,760,18,0.6368421052631579,1.1752550601959229,2.061861991882324,0.07844039161764216,0.38872023559633817,0.3690544830974132,0.2723446787727374
sidhu,clip-vit-b32,representational,beauty,within,3,bradley_terry,2,8,140,20,76,280,40,760,19,0.6605263157894737,1.1369743347167969,1.9871083498001099,0.1118518564390053,0.45166906413214747,0.41273990960042134,0.3120291891081934
sidhu,clip-vit-b32,representational,beauty,within,3,bradley_terry,3,8,140,20,76,420,60,760,16,0.6236842105263158,1.167811632156372,2.011214017868042,0.1010777032486272,0.3954105966568022,0.3654897522947677,0.2785697000018285
sidhu,clip-vit-b32,representational,beauty,within,3,bradley_terry,4,8,140,20,76,560,80,760,16,0.6355263157894737,1.1742122173309326,2.05548095703125,0.08129247321418509,0.3933869620086625,0.3557042167580939,0.26689778519728263
sidhu,clip-vit-b32,representational,beauty,within,3,bradley_terry,5,8,140,20,76,700,100,760,16,0.6855263157894737,1.1147923469543457,1.8969383239746094,0.15215384150200228,0.4497664050941239,0.45497148510940943,0.3361511463709215
sidhu,clip-vit-b32,representational,beauty,within,3,bradley_terry,6,8,140,20,76,840,100,760,16,0.6723684210526316,1.1919716596603394,1.9511431455612183,0.12792674062523035,0.4412770743074361,0.40653308420287393,0.30580416787910225
sidhu,clip-vit-b32,representational,beauty,within,3,bradley_terry,7,8,140,20,76,980,100,760,16,0.6894736842105263,1.1850007772445679,2.052887201309204,0.08245163296473779,0.4055544487273437,0.4212812841902895,0.3221448486054665
sidhu,clip-vit-b32,representational,beauty,within,3,bradley_terry,8,8,140,20,76,1120,100,760,16,0.6697368421052632,1.1218578815460205,1.9344731569290161,0.13537740130768205,0.4320449984843435,0.4669098384641515,0.35871684832637696
sidhu,clip-vit-b32,representational,beauty,within,3,bradley_terry,9,8,140,20,76,1260,100,760,16,0.6815789473684211,1.1686553955078125,1.9832000732421875,0.11359882886109429,0.45928605906738085,0.437916694602635,0.3314823804491032
sidhu,clip-vit-b32,representational,beauty,within,3,bradley_terry,10,8,140,20,76,1400,100,760,16,0.7039473684210527,1.1273576021194458,1.8443386554718018,0.17566356445042386,0.4704441506655712,0.4516024650174974,0.3392636569854671
sidhu,clip-vit-b32,representational,beauty,within,3,regression,,9,140,20,76,0,0,760,57,0.6631578947368421,1.4163870811462402,2.760986328125,-0.18727341880780668,0.4635550590828643,0.40048456158225254,0.3006854715704301
sidhu,clip-vit-b32,representational,beauty,within,3,hinge,1,9,140,20,76,140,20,760,16,0.6710526315789473,1.1006098985671997,1.7454012632369995,0.24944627108016248,0.500273960541108,0.4483223483218356,0.3401576956375908
sidhu,clip-vit-b32,representational,beauty,within,3,hinge,2,9,140,20,76,280,40,760,30,0.7105263157894737,1.0045661926269531,1.6826905012130737,0.2764130160802527,0.5356993973546196,0.47963308628987167,0.3564109643711275
sidhu,clip-vit-b32,representational,beauty,within,3,hinge,3,9,140,20,76,420,60,760,17,0.6986842105263158,1.0822104215621948,1.8680874109268188,0.1966890433545403,0.5056620725081302,0.4884196185481624,0.36105475543785237
sidhu,clip-vit-b32,representational,beauty,within,3,hinge,4,9,140,20,76,560,80,760,19,0.6697368421052632,1.0927355289459229,1.8306360244750977,0.212793766283072,0.47009189408973384,0.44524008859313363,0.3324180438597162
sidhu,clip-vit-b32,representational,beauty,within,3,hinge,5,9,140,20,76,700,100,760,19,0.7,1.1020240783691406,1.8075555562973022,0.2227187444155485,0.489050230004068,0.4589080276615859,0.3424795911709532
sidhu,clip-vit-b32,representational,beauty,within,3,hinge,6,9,140,20,76,840,100,760,17,0.7144736842105263,1.0989192724227905,1.8148221969604492,0.2195941180064177,0.4785251135899671,0.4717670478872114,0.3533151036599777
sidhu,clip-vit-b32,representational,beauty,within,3,hinge,7,9,140,20,76,980,100,760,16,0.6644736842105263,1.0938720703125,1.8303345441818237,0.2129233786238779,0.47114643355826047,0.4295777461708153,0.32545235725962895
sidhu,clip-vit-b32,representational,beauty,within,3,hinge,8,9,140,20,76,1120,100,760,16,0.7105263157894737,0.9350173473358154,1.4604531526565552,0.37197905586576596,0.6159992071588931,0.5805805791240123,0.44928678570562336
sidhu,clip-vit-b32,representational,beauty,within,3,hinge,9,9,140,20,76,1260,100,760,24,0.6947368421052632,1.1006942987442017,1.8657664060592651,0.19768704681603155,0.5088510484129074,0.47797340797441684,0.35950682508227744
sidhu,clip-vit-b32,representational,beauty,within,3,hinge,10,9,140,20,76,1400,100,760,16,0.7197368421052631,1.0277764797210693,1.752724528312683,0.24629705936446855,0.5336502807767829,0.49967474796473493,0.37653405899360165
sidhu,clip-vit-b32,representational,beauty,within,3,bradley_terry,1,9,140,20,76,140,20,760,16,0.6789473684210526,1.0804998874664307,1.7204853296279907,0.26016061782872135,0.5125165149511304,0.46452861893157193,0.35176717330440277
sidhu,clip-vit-b32,representational,beauty,within,3,bradley_terry,2,9,140,20,76,280,40,760,16,0.7144736842105263,1.0483280420303345,1.8118338584899902,0.22087906845812855,0.5143713903962635,0.4792007331152574,0.3695683723935145
sidhu,clip-vit-b32,representational,beauty,within,3,bradley_terry,3,9,140,20,76,420,60,760,18,0.7078947368421052,0.9774895906448364,1.5952404737472534,0.3140181350271678,0.5816636862873565,0.5361039896451404,0.40207490986058797
sidhu,clip-vit-b32,representational,beauty,within,3,bradley_terry,4,9,140,20,76,560,80,760,18,0.6934210526315789,1.0534664392471313,1.7163742780685425,0.2619282669998052,0.5141983044231893,0.48855908731416714,0.3749861286380267
sidhu,clip-vit-b32,representational,beauty,within,3,bradley_terry,5,9,140,20,76,700,100,760,16,0.6657894736842105,1.1100231409072876,1.8746449947357178,0.19386910296462279,0.45823745551751927,0.4070953810908713,0.30842512334830474
sidhu,clip-vit-b32,representational,beauty,within,3,bradley_terry,6,9,140,20,76,840,100,760,17,0.6815789473684211,1.1100794076919556,1.9366155862808228,0.16722064134020054,0.4438306684824056,0.435309912453605,0.3161647751261794
sidhu,clip-vit-b32,representational,beauty,within,3,bradley_terry,7,9,140,20,76,980,100,760,16,0.6907894736842105,1.10414457321167,1.7981083393096924,0.2267812244732298,0.48034775306950905,0.4500238672670919,0.3409316608153783
sidhu,clip-vit-b32,representational,beauty,within,3,bradley_terry,8,9,140,20,76,1120,100,760,16,0.6815789473684211,1.0003668069839478,1.5981608629226685,0.31276230925699444,0.5641702523789718,0.5174430687537229,0.39665715361607573
sidhu,clip-vit-b32,representational,beauty,within,3,bradley_terry,9,9,140,20,76,1260,100,760,16,0.6947368421052632,1.0449602603912354,1.630027174949646,0.2990592201299257,0.549628917417067,0.5164667873916906,0.3850476759492638
sidhu,clip-vit-b32,representational,beauty,within,3,bradley_terry,10,9,140,20,76,1400,100,760,16,0.7236842105263158,1.0477927923202515,1.680456519126892,0.2773736781166347,0.5327309145432082,0.5174430687537229,0.3881435366604136
