Painting,Representational,BeautyRating_M,BeautyRating_SD,Liking_M,Liking_SD,Saturation,Brightness,HueSD,SaturationSD,BrightnessSD,RedLum,GreenLum,BlueLum,Luminance,AdjustedRedLum,AdjustedGreenLum,AdjustedBlueLum,Entropy,StraightEdgeDensity,NonStraightEdgeDensity,Meaningfulness,Complexity,Emotion,ColourWarmth,Vertical_Symmetry,Horizontal_Symmetry,Average_Symmetry,VerticalGrayscale_Symmetry,HorizontalGrayscale_Symmetry,AverageGrayscale_Symmetry,ColourComponent,Beauty
1.jpg,0,3.66,2.0,3.8864,2.2122,0.135289347526913,0.655551950464396,1.23791066869307,0.169320515769632,0.288897440322959,163.04,159.99,157.53,160.63,1.01500342401793,0.996015688227604,0.980700989852456,7.20062721860715,0.0196,0.066600000000000,3.82,4.64,4.04081632653061,3.39583333333333,0.82,0.8272,0.8236,0.8208,0.8293,0.825,0.44766374,1.0
2.jpg,0,4.88,2.07,5.1778,2.1029,0.234828456651201,0.578149446709377,1.12867030741656,0.149209481656844,0.231292734818996,143.0,122.65,125.66,129.08,1.10784009916331,0.950185931205454,0.973504803222807,7.69253212799453,0.0474,0.048300000000000,6.46,6.7,5.6530612244898,5.3125,0.8795,0.8686,0.8741,0.8856,0.8731,0.8793,-0.083031292,7.0
3.jpg,0,2.63,1.58,3.2826,2.1046,0.369807304259665,0.636996810457515,1.4373423604056,0.402676692195059,0.177729586131083,152.62,126.78,124.13,134.16,1.13759689922481,0.944991055456172,0.925238521168754,5.70491658511918,0.0298,0.007900000000000,4.88,3.24489795918367,3.16326530612245,5.79166666666667,0.8795,0.8686,0.8741,0.8856,0.8731,0.8793,-0.27006475,1.0
4.jpg,0,2.98,1.89,4.0,2.4309,0.29533764787216,0.836897292814405,0.386259309394398,0.232320726894956,0.112795836680707,209.1,198.97,155.03,197.08,1.06099046072661,1.00959001420743,0.786634869088695,6.72859931702295,0.0347,0.040700000000000,4.6,4.36,3.73469387755102,5.45833333333333,0.9456,0.9562,0.9509,0.9636,0.9692,0.9664,0.096139845,1.0
5.jpg,0,3.9,1.92,4.1304,2.4459,0.304563887039787,0.407173897543207,1.29549885812108,0.270462459541675,0.293224488545577,97.35,88.2,92.79,91.45,1.06451612903226,0.964461454346638,1.01465281574631,7.46023208853923,0.0453,0.030100000000000,4.0,5.2,4.3265306122449,4.64583333333333,0.8109,0.7454,0.7782,0.8111,0.7434,0.7773,0.182717042,6.0
6.jpg,0,2.31,1.52,3.4565,2.3637,0.281329446290263,0.592041830065359,0.50545121288876,0.164475630762398,0.222730946818348,144.14,136.92,112.69,136.32,1.05736502347418,1.0044014084507,0.826657863849765,6.83783127904063,0.0277,0.024700000000000,3.18,2.62,3.14285714285714,4.72916666666667,0.9587,0.9385,0.9486,0.964,0.9513,0.9576,0.138891499,2.0
7.jpg,0,3.84,1.97,4.1304,2.3908,0.28070844731295,0.693316351041841,0.949766911504461,0.151144554585194,0.158481460262223,174.38,160.9,131.14,161.59,1.07915093755802,0.995729933783031,0.811560121294635,7.22962560811108,0.0197,0.095200000000000,3.52,3.86,3.79591836734694,5.52083333333333,0.9611,0.946,0.9536,0.9742,0.9519,0.963,0.00529595,6.0
8.jpg,0,4.42,2.24,4.4565,2.5007,0.273785475750813,0.539035116369494,0.71190716029579,0.161509117828003,0.188922253128299,106.14,117.78,135.17,116.27,0.912875204265933,1.01298701298701,1.16255267910897,7.45684652742631,0.0492,0.022600000000000,3.62,4.5,4.3265306122449,3.3125,0.8873,0.9088,0.8981,0.8831,0.9061,0.8946,1.110466358,5.0
9.jpg,0,3.87,1.96,3.9333,2.3587,0.090294660447141,0.747840470060073,1.36846866675605,0.089288690256402,0.230682799103656,184.65,183.44,184.12,183.87,1.00424212759015,0.997661391200305,1.00135965627889,5.07900753231043,0.0236,0.044500000000000,3.92,3.76,3.69387755102041,3.60416666666667,0.9311,0.9454,0.9383,0.9276,0.9425,0.935,0.51905429,3.0
10.jpg,0,3.37,1.94,3.8182,2.0491,0.198292717209807,0.5443650498796,1.23011019566552,0.132549975436675,0.250703155176011,134.81,131.44,108.86,129.93,1.03755868544601,1.01162164242284,0.837835757715693,6.87859069923299,0.0323,0.056900000000000,3.6,4.32,3.71428571428571,4.47916666666667,0.9274,0.8689,0.8981,0.9293,0.8701,0.8997,0.252275924,2.0
11.jpg,0,3.38,2.05,3.9565,2.3754,0.272835340036932,0.592930887860762,1.60119666868816,0.195895667477334,0.19635453079745,124.85,134.46,143.25,132.58,0.941695580027153,1.01418011766481,1.08047971036355,7.62854429551771,0.0593,0.040000000000000,3.5,4.56,3.83673469387755,3.45833333333333,0.8751,0.8679,0.8715,0.8682,0.8603,0.8643,0.909869172,5.0
12.jpg,0,4.48,2.21,4.7111,2.3991,0.348107104915061,0.709478475684058,1.09482855881516,0.225310489419368,0.158791057122799,168.53,160.22,128.8,159.2,1.05860552763819,1.00640703517588,0.809045226130653,7.15675745192256,0.0365,0.065700000000000,3.38,4.42,3.69387755102041,5.29166666666667,0.9486,0.924,0.9363,0.962,0.9605,0.9613,0.119347206,6.0
13.jpg,0,3.4,1.92,3.8689,2.1251,0.214662619294132,0.743811891549072,0.128726981909368,0.163879344879708,0.109618987191605,189.67,164.82,151.88,170.77,1.11067517713884,0.965157814604439,0.889383381155941,6.67599103387188,0.0141,0.108900000000000,2.96,3.34,3.18367346938776,4.1875,0.9594,0.9782,0.9688,0.9617,0.9782,0.9699,-0.135912859,2.0
14.jpg,0,3.98,2.05,4.3639,2.4254,0.309425523928148,0.463510479302832,0.21483678291737,0.102718492795204,0.139419607729571,118.18,96.34,82.5,101.3,1.16663376110563,0.951036525172754,0.814412635735439,7.05246358941731,0.0125,0.148400000000000,4.04,5.86,4.18367346938776,4.64583333333333,0.9359,0.9301,0.933,0.937,0.9318,0.9344,-0.488345631,1.0
15.jpg,0,3.37,2.12,3.6739,2.4042,0.131223500646701,0.583415966386554,0.226588565626091,0.080129301585581,0.061561437153534,148.77,135.74,129.83,138.99,1.0703647744442,0.976617022807396,0.934095978127923,6.07979134128353,0.0137,0.121500000000000,3.88,3.26,4.16326530612245,4.14583333333333,0.9903,0.9905,0.9904,0.9913,0.9924,0.9919,0.110746195,1.0
16.jpg,0,3.35,1.83,4.3043,2.4025,0.141294020480307,0.490717204625439,1.40988706318972,0.095873086312734,0.132281122892973,114.74,113.68,120.3,114.75,0.999912854030501,0.990675381263617,1.0483660130719,7.11785687769102,0.0573,0.076200000000000,3.2,5.34,3.44897959183673,3.5625,0.9337,0.9453,0.9395,0.9329,0.9451,0.939,0.564104135,2.0
17.jpg,0,4.83,2.08,5.2667,2.1574,0.370823975348551,0.564984702349408,0.674591236337558,0.133346081868395,0.110349453683263,96.75,138.6,135.63,125.74,0.769444886273262,1.10227453475425,1.07865436615238,6.73587438703996,0.0221,0.084500000000000,3.9,4.32,3.95918367346939,3.875,0.9515,0.9595,0.9555,0.9641,0.9707,0.9674,1.888492641,6.0
18.jpg,0,3.53,1.85,4.2174,2.0861,0.171564070330544,0.300511531685138,1.1809599196568,0.153874049345169,0.245205404868035,73.24,73.87,69.5,73.2,1.00054644808743,1.00915300546448,0.949453551912568,6.85470754695373,0.0257,0.085100000000000,3.7,5.62,3.77551020408163,3.66666666666667,0.6516,0.6007,0.6262,0.6613,0.6103,0.6358,0.514266415,2.0
19.jpg,0,3.4,1.93,3.8478,2.1906,0.257054503011451,0.445819458246514,1.61705979186402,0.187025406638803,0.155824597983408,102.95,100.88,96.85,101.04,1.01890340459224,0.998416468725257,0.958531274742676,7.28464820479941,0.0427,0.063700000000000,4.18,5.88,4.16326530612245,3.66666666666667,0.8718,0.8801,0.876,0.8776,0.8847,0.8811,0.416165628,1.0
20.jpg,0,2.81,2.09,3.5652,2.2867,0.105304595876484,0.726363278950257,0.76350742469366,0.069180691195398,0.280485170061088,168.33,169.78,184.66,171.03,0.984213295912998,0.992691340700462,1.07969362100216,7.16591190714369,0.0385,0.074700000000000,4.92,3.98,4.51020408163265,3.45833333333333,0.9027,0.9166,0.9096,0.9043,0.9183,0.9113,0.66785769,1.0
21.jpg,0,4.3,2.42,3.8867,2.4083,0.210578810658878,0.40585513963161,0.378589863706427,0.183063295329757,0.387918226943989,103.43,100.89,93.93,100.85,1.02558254833912,1.00039662865642,0.931383242439266,6.09812123182216,0.0232,0.024700000000000,4.0,3.58,4.18367346938776,3.47916666666667,0.6182,0.6678,0.643,0.6218,0.6706,0.6462,0.366830409,1.0
22.jpg,0,3.67,2.16,4.1818,2.2022,0.193597204302147,0.540158511586453,0.865415923128898,0.130798307956931,0.1335251497776,132.43,129.34,113.56,128.48,1.03074408468244,1.00669364881694,0.88387297633873,7.0263416276445,0.0316,0.100000000000000,4.1,6.22,4.36734693877551,4.9375,0.9348,0.9365,0.9356,0.9402,0.9436,0.9419,0.314649164,6.0
24.jpg,0,2.7,2.03,4.3778,2.309,0.277263436399482,0.170021856704768,0.779883077960119,0.107246233201622,0.134935587052558,42.27,37.89,31.34,38.47,1.09877826878087,0.984923316870289,0.814660774629582,5.78020707688632,0.0256,0.038700000000000,5.24,4.0,5.42857142857143,4.02083333333333,0.9125,0.7881,0.8503,0.9162,0.7956,0.8559,-0.106174199,3.0
25.jpg,0,2.9,1.88,4.2174,2.2001,0.821540095598256,0.708536432329028,1.28264471973266,0.182057186282154,0.31834988353979,162.54,87.68,42.39,105.11,1.54637998287508,0.834173722766625,0.403291789553801,6.8539343976047,0.0192,0.098200000000000,5.82,4.62,4.61224489795918,7.0625,0.9404,0.6424,0.7914,0.9539,0.8086,0.8813,-2.849212147,5.0
26.jpg,0,3.0,1.79,2.8222,2.198,0.855109460205602,0.775631228638244,0.800603896682715,0.142341713182423,0.301273439039186,174.87,29.54,88.84,79.68,2.19465361445783,0.370732931726908,1.11495983935743,5.85559921333472,0.0146,0.054800000000000,2.66,2.06,3.3469387755102,6.60416666666667,0.8184,0.84,0.8292,0.9262,0.9209,0.9236,-6.190460304,1.0
27.jpg,0,3.17,1.68,3.3636,1.8813,0.617423998589729,0.411037705777498,1.17614094396397,0.202238524915278,0.252122992481465,83.47,38.32,59.99,54.28,1.53776713338246,0.705969049373618,1.10519528371408,5.49029976826063,0.0158,0.024400000000000,3.8,2.34,3.83673469387755,5.22916666666667,0.7076,0.7606,0.7341,0.7654,0.8321,0.7987,-2.467231805,1.0
28.jpg,0,3.21,1.82,4.1522,2.1496,0.403003300867482,0.303355877426348,1.91134462205067,0.302454170536965,0.23176148178965,56.11,60.52,56.69,58.79,0.954414015989114,1.02942677326076,0.964279639394455,5.66772220414082,0.0318,0.041300000000000,4.62,4.58,3.91836734693878,4.0625,0.5757,0.6077,0.5917,0.5681,0.6348,0.6015,0.781069879,1.0
29.jpg,0,3.02,2.01,3.5652,2.7052,0.432234607972579,0.428134745098039,1.15057014764762,0.236989717064504,0.231379759099195,106.22,74.85,62.12,82.8,1.28285024154589,0.903985507246377,0.75024154589372,7.39361973514321,0.0373,0.083800000000000,4.0,6.14,4.16326530612245,5.72916666666667,0.772,0.7957,0.7838,0.8282,0.8068,0.8175,-1.179460383,6.0
30.jpg,0,3.79,2.13,3.3043,2.5199,0.483269442935948,0.339039785119527,1.16152827929182,0.310969619610539,0.377243175344983,75.82,84.5,82.21,81.64,0.928711415972562,1.03503184713376,1.00698187163155,5.44896582934095,0.0195,0.014100000000000,3.06,3.26,3.59183673469388,3.77083333333333,0.64,0.6569,0.6485,0.6419,0.6589,0.6504,0.950950633,2.0
31.jpg,0,4.94,1.87,3.0,2.1292,0.578785380633663,0.41940737751565,0.816364022474814,0.275751362225112,0.305744392018122,102.62,70.03,31.58,75.52,1.35884533898305,0.927304025423729,0.418167372881356,6.49720634361554,0.0259,0.065500000000000,3.88,3.96,3.40816326530612,5.4375,0.6035,0.7676,0.6856,0.6563,0.7763,0.7163,-1.77332802,7.0
32.jpg,0,4.33,2.1,3.9111,2.3338,0.184594474456603,0.422310102518165,0.341280876715578,0.057890572052764,0.120669770282496,107.66,91.13,88.7,95.8,1.12379958246347,0.95125260960334,0.925887265135699,6.84066902557781,0.0111,0.160400000000000,3.64,4.6,3.71428571428571,4.0625,0.9522,0.9439,0.948,0.9514,0.9425,0.947,-0.195164965,1.0
33.jpg,0,3.65,2.15,4.7174,2.7216,0.176429470137733,0.473866951473327,1.0334835893724,0.098789760491382,0.235840476711216,118.71,110.98,102.94,112.37,1.05642075286998,0.987630150396013,0.916080804485183,7.49462553512437,0.056,0.063500000000000,4.5,6.62,4.93877551020408,3.45833333333333,0.8452,0.8553,0.8503,0.8455,0.8555,0.8505,0.184527686,7.0
34.jpg,0,4.15,2.23,5.1739,2.341,0.397371958700321,0.504631679659816,0.626396163385231,0.272599377177975,0.245605556931909,127.96,92.1,70.67,100.42,1.2742481577375,0.91714797849034,0.703744274048994,7.29846785501035,0.0335,0.068300000000000,3.6,4.96,4.63265306122449,5.39583333333333,0.7555,0.8696,0.8126,0.7874,0.8933,0.8404,-1.152624233,9.0
35.jpg,0,2.69,2.28,3.8478,2.6074,0.193014995509228,0.149932441579372,0.877986508422635,0.17484154719613,0.123569778306035,37.79,31.74,30.18,33.41,1.13109847351093,0.950014965579168,0.903322358575277,4.76766400497936,0.0187,0.054400000000000,4.24,5.04,4.47916666666667,3.89583333333333,0.7427,0.717,0.7298,0.7486,0.7222,0.7354,-0.258059536,5.0
36.jpg,0,4.19,2.3,4.6739,2.3099,0.494837497386402,0.523721762399077,0.557296609131343,0.231527040847347,0.187622985041432,132.39,84.19,75.58,97.65,1.35576036866359,0.862160778289811,0.773988735279058,7.42331269873124,0.0531,0.059500000000000,4.88,6.42,3.95918367346939,6.45833333333333,0.8322,0.803,0.8176,0.8322,0.8051,0.8187,-1.583967961,8.0
37.jpg,0,3.65,1.47,3.4222,2.2912,0.111120926031969,0.325588329789748,1.40265904914314,0.069918515439805,0.217173274747452,80.29,81.28,76.92,80.51,0.997267420196249,1.00956402931313,0.955409265929698,6.74049277005294,0.0127,0.092700000000000,4.68,3.74,4.20408163265306,3.66666666666667,0.8462,0.7418,0.794,0.8478,0.7446,0.7962,0.534932342,1.0
38.jpg,0,2.79,1.95,4.3864,2.1482,0.353079220623192,0.467282192877151,1.21471143033074,0.234137537947622,0.29630885119143,114.71,83.46,76.43,92.03,1.24644137781158,0.906878191893948,0.830490057589916,7.2147795063484,0.021,0.076100000000000,3.9,4.66,4.10204081632653,5.9375,0.6736,0.7786,0.7261,0.6868,0.796,0.7414,-0.937324898,3.0
39.jpg,0,3.21,2.43,4.087,2.4479,0.085997073775551,0.618178143021914,1.14907416111663,0.089890588710484,0.365049591224184,155.8,156.58,148.98,155.48,1.00205814252637,1.0070748649344,0.95819397993311,5.84575673773436,0.0132,0.027100000000000,3.36,3.06,4.69387755102041,3.35416666666667,0.8405,0.8114,0.826,0.8406,0.8123,0.8264,0.511873983,2.0
40.jpg,0,3.02,2.13,4.222,2.4485,0.357649985997626,0.281661172039438,0.399807942468644,0.060409759790884,0.115863622747112,69.38,46.72,64.75,55.55,1.24896489648965,0.841044104410441,1.16561656165617,6.29531159278143,0.0146,0.114200000000000,3.9,4.32,4.79591836734694,4.95833333333333,0.8962,0.891,0.8936,0.8873,0.8825,0.8849,-0.800126496,3.0
41.jpg,0,4.18,1.68,3.4222,2.4999,0.504315097853222,0.636230123456789,0.215516103265541,0.250908125912235,0.119729208739593,162.07,111.96,87.23,124.18,1.30512159768079,0.901594459655339,0.702448059268803,6.81863368926388,0.0215,0.077100000000000,3.5,3.6,3.02040816326531,6.0625,0.9089,0.8961,0.9025,0.9259,0.9065,0.9162,-1.329221405,1.0
42.jpg,0,3.1,1.63,4.0217,2.216,0.618094937748346,0.521955200623296,0.924732673121617,0.24496274362225,0.313172969696486,120.23,90.67,53.1,95.38,1.26053680016775,0.950618578318306,0.556720486475152,7.04000178055202,0.044,0.039600000000000,3.44,4.26,3.79591836734694,6.22916666666667,0.6844,0.6686,0.6765,0.7221,0.7331,0.7276,-1.152129399,2.0
43.jpg,0,3.34,1.72,3.8,2.4458,0.595700876910165,0.528923986589454,0.552127391940051,0.23204290564745,0.196823711548455,133.59,69.42,48.3,86.26,1.54869000695572,0.80477625782518,0.559935079990726,6.90310355187979,0.0385,0.063300000000000,4.42,5.2,4.08163265306122,6.77083333333333,0.8808,0.8618,0.8713,0.9027,0.8757,0.8892,-2.779818067,1.0
44.jpg,0,2.79,1.97,4.0222,2.2001,0.569379063921645,0.666427556450452,1.15148263324428,0.313149950663054,0.184656423677451,154.16,122.19,96.52,128.96,1.1954094292804,0.947503101736973,0.748449131513648,7.50892053985919,0.0722,0.019700000000000,5.4,6.32,4.22448979591837,6.41666666666667,0.7808,0.824,0.8024,0.8424,0.8537,0.8481,-0.691275788,3.0
45.jpg,0,3.06,2.28,4.0222,2.598,0.187335397081739,0.425683294117647,0.602673051216312,0.166769175665252,0.370244848564692,108.1,105.14,97.9,105.2,1.02756653992395,0.999429657794677,0.930608365019011,6.28392191617143,0.0269,0.026600000000000,3.56,3.6,4.48979591836735,3.6875,0.6178,0.6979,0.6578,0.6218,0.7011,0.6615,0.354565532,1.0
46.jpg,0,3.89,1.83,4.0,2.4121,0.343325573390869,0.783206794697312,1.09104546262618,0.299792847678579,0.173798928594132,190.1,166.17,139.63,170.41,1.1155448623907,0.975118831054516,0.819376797136318,7.13882794491148,0.062,0.012200000000000,4.22,4.06,3.51020408163265,5.39583333333333,0.907,0.9074,0.9072,0.9314,0.9389,0.9352,-0.201510389,1.0
47.jpg,0,3.43,2.14,3.6522,2.4515,0.41255364800099,0.581085598377281,0.430979412926139,0.338482590744149,0.368661509796941,148.11,99.45,101.83,114.33,1.29546050905274,0.869850432957229,0.890667366395522,6.36276759498514,0.0108,0.028700000000000,4.54,2.76,4.61224489795918,5.33333333333333,0.9439,0.7094,0.8267,0.9392,0.7475,0.8433,-1.191644845,1.0
48.jpg,0,2.9,1.55,3.5652,2.2574,0.269829839726394,0.282352614379085,0.658483556848265,0.187140377688425,0.256168173809446,70.08,63.79,54.0,64.58,1.08516568597089,0.987767110560545,0.836172189532363,5.34354421458453,0.0299,0.041200000000000,3.32,3.68,4.14285714285714,4.4375,0.7374,0.869,0.8032,0.7495,0.8834,0.8165,-0.018725201,2.0
49.jpg,0,2.77,1.87,3.7111,2.3705,0.332149403971933,0.318408811717458,0.673055206145429,0.218297881959475,0.175173049249493,80.31,66.76,54.56,69.44,1.15653801843318,0.961405529953917,0.785714285714286,7.04510965177088,0.0425,0.045600000000000,4.62,6.06,4.6530612244898,5.02083333333333,0.8165,0.825,0.8207,0.8335,0.8494,0.8415,-0.445723354,5.0
50.jpg,0,4.25,2.07,4.6889,2.1932,0.409103515303088,0.503158711484594,2.11086448651296,0.369524039946734,0.214881044353571,99.94,111.69,121.77,109.33,0.914113235159609,1.02158602396415,1.11378395682795,6.79639209243032,0.0217,0.033500000000000,4.12,4.62,3.6530612244898,3.70833333333333,0.9594,0.7789,0.8691,0.9597,0.7983,0.879,1.080391571,3.0
51.jpg,0,3.9,1.87,4.1087,2.3973,0.564712663000881,0.323946634323833,1.85547323268645,0.288045874954889,0.159203223682586,62.06,57.45,52.22,58.24,1.06559065934066,0.98643543956044,0.896634615384615,6.89324147297189,0.0345,0.085900000000000,3.98,5.5,3.93877551020408,5.04166666666667,0.7365,0.6877,0.7121,0.7779,0.7295,0.7537,0.121978211,3.0
52.jpg,0,4.24,1.86,3.8667,2.3894,0.532706695895361,0.455705734925549,0.727556016083586,0.284298094189469,0.201237959849778,115.28,71.71,54.98,82.88,1.39092664092664,0.865226833976834,0.663368725868726,7.20754058868543,0.0368,0.070300000000000,3.73469387755102,5.44,4.20408163265306,5.85416666666667,0.823,0.7722,0.7976,0.8278,0.839,0.8334,-1.835914423,2.0
53.jpg,0,4.27,1.81,3.6,2.2903,0.397954260528215,0.598660921823274,0.248125042215067,0.155954086958252,0.208545605610175,152.52,125.38,88.64,129.38,1.17885299118875,0.969083320451384,0.685113618797341,7.35604652950651,0.0358,0.106000000000000,4.14,4.96,4.20408163265306,5.22916666666667,0.9274,0.9362,0.9318,0.9316,0.9412,0.9364,-0.620092731,1.0
54.jpg,0,3.62,2.32,4.5111,2.6339,0.079798863150584,0.763623131571468,0.582305313766504,0.029856730482578,0.113894255846304,194.24,188.05,179.72,188.94,1.02805123319572,0.995289509897322,0.951201439610458,6.10638982233971,0.0852,0.006100000000000,3.84,3.4,3.26530612244898,4.02083333333333,0.9785,0.9788,0.9786,0.9788,0.979,0.9789,0.361560637,1.0
55.jpg,0,3.51,2.12,4.3913,2.679,0.29611689408587,0.480637727501257,0.077599930016252,0.078374502806044,0.140448892147556,122.56,109.4,88.08,110.97,1.10444264215554,0.985852032080743,0.793728034603947,7.11945482792269,0.0606,0.124000000000000,5.08,7.08,3.55102040816327,4.14583333333333,0.9285,0.9308,0.9297,0.9314,0.9337,0.9326,-0.149154514,5.0
56.jpg,0,3.53,2.07,4.8667,2.3022,0.122155470720665,0.85526733442603,0.676262997129621,0.120708298260785,0.174173363972591,199.41,209.94,216.39,207.53,0.960873126776852,1.01161277887534,1.04269262275334,6.32535567513913,0.0172,0.072500000000000,3.4,3.16,3.42857142857143,3.66666666666667,0.957,0.9568,0.9569,0.9548,0.9543,0.9545,0.783274888,6.0
57.jpg,0,5.06,2.27,4.5435,2.5966,0.183511207810813,0.725489801601113,0.476969075419381,0.178040379596048,0.31174283977076,164.71,175.59,184.33,173.34,0.950213453328718,1.01298026998962,1.06340140763817,6.82591541467209,0.0365,0.032800000000000,3.92,4.04,4.77551020408163,3.125,0.8642,0.899,0.8816,0.8593,0.8957,0.8775,0.852810384,6.0
58.jpg,0,3.14,2.35,4.3636,2.4974,0.192472490184294,0.767367488280659,0.245231545108364,0.134531936736766,0.175582840663075,163.66,182.87,195.62,178.58,0.916452010303505,1.02402284690335,1.09541941986785,7.03778243093728,0.0398,0.060600000000000,4.02,3.84,4.85714285714286,2.79166666666667,0.9669,0.9638,0.9653,0.9655,0.9626,0.964,1.059333769,3.0
59.jpg,0,3.25,2.32,4.9778,2.5804,0.237394703492572,0.843558195316961,0.875665703576472,0.101705062874451,0.107458260435824,210.95,175.22,168.41,185.15,1.13934647583041,0.946367809883878,0.909586821496084,6.33323318034968,0.0091,0.143500000000000,3.42,4.08,4.69387755102041,6.20833333333333,0.9857,0.9825,0.9841,0.9915,0.9899,0.9907,-0.291568158,3.0
60.jpg,0,3.6,2.1,4.2222,2.2652,0.201795171883811,0.624898269896194,0.614167234882712,0.194773687701107,0.207462289551173,136.81,142.98,157.65,142.81,0.95798613542469,1.00119039282963,1.10391429171627,6.4367192011091,0.0218,0.039900000000000,3.56,3.52,3.8125,3.72916666666667,0.8808,0.929,0.9049,0.874,0.9291,0.9015,0.826769711,1.0
61.jpg,0,4.62,1.7,3.9318,2.2036,0.402437611462695,0.462145634423983,1.60569410957323,0.268034596415637,0.19631540889063,105.9,101.23,84.29,100.72,1.05142970611597,1.00506354249404,0.836874503574265,7.47162355028784,0.0432,0.129900000000000,3.28,3.34,3.73469387755102,5.5,0.8183,0.8087,0.8135,0.8588,0.8537,0.8562,0.174901863,5.0
62.jpg,0,4.63,2.37,4.8,2.1277,0.355719878879886,0.573090621308764,0.172576549369517,0.171852040586491,0.17108931911523,146.12,124.98,99.96,128.45,1.13756325418451,0.972985597508758,0.778201634877384,7.18711869716701,0.049,0.096800000000000,4.44,5.68,4.57142857142857,5.0625,0.9221,0.8881,0.9051,0.9256,0.8911,0.9084,-0.338423606,5.0
63.jpg,0,4.42,2.0,4.3889,2.0739,0.228450346969841,0.470029340892984,1.4122462949189,0.198362864265366,0.267633728880266,112.05,91.07,92.63,97.52,1.14899507793273,0.933859721082855,0.949856439704676,7.03515168725951,0.0448,0.025200000000000,3.84,5.26,4.16326530612245,5.83333333333333,0.786,0.8018,0.7939,0.8166,0.8274,0.822,-0.327243389,2.0
64.jpg,0,4.33,1.9,3.6667,2.4402,0.317234328860637,0.504901815541031,0.192203577595027,0.129943445191312,0.235853801645575,128.72,107.24,89.83,111.7,1.15237242614145,0.960071620411817,0.80420769919427,7.683956549716,0.0426,0.115800000000000,4.64,5.62,4.63265306122449,4.4375,0.828,0.8302,0.8291,0.8309,0.8331,0.832,-0.413037422,2.0
65.jpg,0,4.98,2.35,4.6957,2.3273,0.394252210540483,0.66843574879227,0.395205298941836,0.144558488335527,0.08536552206214,167.4,157.13,104.54,154.32,1.08475894245723,1.01820891653707,0.677423535510627,6.36465878618906,0.0229,0.106900000000000,3.54,4.24,3.91836734693878,5.27083333333333,0.9861,0.9808,0.9835,0.9923,0.9888,0.9906,-0.090250273,2.0
66.jpg,0,4.41,1.61,4.0,2.2211,0.606947227165313,0.62688250493996,0.797021548955111,0.229575408913285,0.170618982580494,155.08,84.85,72.36,104.47,1.48444529530009,0.812194888484732,0.692639035129702,7.31489748153071,0.0466,0.044100000000000,3.42,4.6,4.30612244897959,6.89583333333333,0.8581,0.8413,0.8497,0.8715,0.8655,0.8685,-2.35298344,4.0
67.jpg,0,3.81,2.03,3.7174,2.1875,0.389631599197932,0.59382303527309,0.570861379662819,0.107002827683816,0.285441125235058,144.21,139.08,99.07,136.1,1.05958853783982,1.02189566495224,0.727920646583395,6.28880642504668,0.017,0.061400000000000,3.14,2.46,3.24489795918367,4.29166666666667,0.7786,0.8798,0.8292,0.795,0.8885,0.8418,0.079254675,1.0
68.jpg,0,4.73,1.85,4.6364,2.047,0.099200774373321,0.780935429547194,0.754171815113236,0.102550286906936,0.202258618472205,196.4,194.52,185.37,194.04,1.01216244073387,1.00247371675943,0.955318491032777,6.20332545016631,0.0208,0.050100000000000,4.58,4.46,4.22448979591837,3.85416666666667,0.9768,0.9431,0.9599,0.977,0.9426,0.9598,0.453071024,3.0
69.jpg,0,4.8,2.31,4.7333,2.5352,0.054879195786025,0.841552861952859,0.714731429635153,0.070763561924607,0.227408015407981,207.01,208.02,214.45,208.44,0.993139512569564,0.997985031663788,1.02883323738246,6.49438732896339,0.0161,0.046400000000000,4.68,3.92,4.53061224489796,3.1875,0.9297,0.9522,0.9409,0.9282,0.9513,0.9398,0.594368313,5.0
70.jpg,0,3.2,2.42,4.2826,2.7379,0.037600027755833,0.579317933753136,0.832760257749687,0.052515152522234,0.35137032883159,146.28,147.59,144.4,146.86,0.996050660492986,1.004970720414,0.983249353125425,6.84037748674626,0.0154,0.075700000000000,4.7,4.02,4.69387755102041,3.3125,0.7978,0.8567,0.8272,0.7983,0.8576,0.828,0.555334966,5.0
71.jpg,0,5.67,1.94,5.3333,2.664,0.04258102214062,0.713463410576351,1.70340786935317,0.080765652078436,0.196148765485518,179.61,179.68,179.6,179.66,0.999721696537905,1.00011132138484,0.999666035845486,6.23859413412516,0.0121,0.082900000000000,3.82,4.06,3.53061224489796,3.4375,0.9404,0.9247,0.9325,0.9401,0.924,0.932,0.542919496,7.0
72.jpg,0,3.38,2.04,5.3778,2.2186,0.339518203976548,0.644778802331743,0.524462062360637,0.158752133682998,0.155618994413328,163.55,127.05,109.16,135.96,1.20292733156811,0.934466019417476,0.802883200941453,7.08264336169143,0.0311,0.083900000000000,4.8,5.58,4.16326530612245,5.29166666666667,0.9541,0.9453,0.9497,0.9569,0.9606,0.9587,-0.70175155,6.0
73.jpg,0,4.2,2.29,4.9111,2.2444,0.158594164729845,0.545426688731758,0.849432563112113,0.092010248845883,0.178205611833904,137.44,124.2,121.56,127.88,1.07475758523616,0.971223021582734,0.950578667500782,7.31892815131688,0.0268,0.050800000000000,4.06,3.84,3.91836734693878,4.39583333333333,0.921,0.9178,0.9194,0.9184,0.912,0.9152,0.093331719,5.0
74.jpg,0,3.23,2.07,5.2667,2.1888,0.05916622522084,0.706185599485696,0.529161499185657,0.045826956131439,0.168827819363645,179.76,176.73,171.19,177.01,1.01553584543246,0.998418168465058,0.967120501666573,7.03906854723715,0.0437,0.060000000000000,4.88,4.58,4.73469387755102,3.27083333333333,0.9783,0.9538,0.966,0.9788,0.9554,0.9671,0.438842561,6.0
75.jpg,0,4.23,2.43,4.4545,2.6541,0.164400990756641,0.300786289949051,0.415751467877809,0.165062829659042,0.224975527593587,76.5,72.57,68.82,73.29,1.04379860826852,0.990176013098649,0.939009414654114,7.1801987633086,0.0374,0.088300000000000,4.44,7.16,5.22448979591837,3.0625,0.6315,0.682,0.6568,0.6341,0.6838,0.6589,0.26986111,1.0
76.jpg,0,4.22,2.34,4.6591,2.6143,0.177487841951593,0.487517286698463,0.287352993858513,0.152120610147016,0.320665294542726,124.29,117.34,110.27,118.63,1.04771137149119,0.989125853494057,0.929528786984743,7.55274415677883,0.042,0.050400000000000,3.8,4.94,4.89795918367347,4.125,0.8394,0.8047,0.822,0.8415,0.8065,0.824,0.23803021,7.0
77.jpg,0,3.61,2.04,4.6522,2.121,0.26293134203079,0.62707249119487,0.983042021660532,0.132746899553137,0.157682225077742,154.92,141.64,122.31,143.43,1.08010876385693,0.987520044621069,0.852750470612842,7.09364060923818,0.0199,0.107500000000000,4.1,5.62,4.42857142857143,4.875,0.939,0.9388,0.9389,0.9474,0.944,0.9457,0.019745489,2.0
78.jpg,0,3.49,2.04,5.3333,2.4027,0.072821609535439,0.650504159239453,1.88291884594992,0.049798409527012,0.142238327593418,159.23,161.34,160.29,160.59,0.991531228594557,1.00467027834859,0.998131888660564,7.19481206114891,0.0497,0.074200000000000,4.52,6.24,4.6530612244898,3.3125,0.9531,0.9584,0.9558,0.9539,0.9581,0.956,0.589345783,7.0
79.jpg,0,4.53,2.1,4.7333,2.5262,0.318561155777944,0.636447817137904,1.32768689442836,0.172329893389481,0.147131298541218,129.83,126.42,147.95,129.87,0.999691999692,0.973434973434973,1.13921613921614,7.39690933407565,0.0215,0.089100000000000,4.46,5.06,4.69387755102041,4.1875,0.9549,0.9313,0.9431,0.9555,0.9425,0.949,0.607316969,7.0
80.jpg,0,5.04,1.77,3.9773,2.4063,0.414034197308105,0.629776233570351,1.251440464889,0.197803683970517,0.180653144924473,133.91,130.91,105.39,128.91,1.03878675044605,1.01551470017842,0.817547125901792,6.80390782371108,0.0176,0.087600000000000,3.08,4.0,3.44897959183673,5.8125,0.872,0.8501,0.8611,0.9174,0.9287,0.923,0.239780708,5.0
81.jpg,0,5.57,1.6,5.6667,2.4027,0.37395013065814,0.419414195867026,0.920467165139819,0.235729145386853,0.162593229939766,75.36,90.59,103.65,87.51,0.861158724717175,1.03519597760256,1.18443606444978,7.3861613430692,0.0292,0.104500000000000,4.84,5.88,4.87755102040816,3.39583333333333,0.86,0.8265,0.8432,0.8564,0.8129,0.8346,1.414911528,7.0
82.jpg,0,2.84,2.04,4.0682,2.2762,0.558980072100925,0.687200392156861,1.20451070212411,0.305669599129303,0.281845424427901,159.46,114.07,96.03,125.67,1.26887880958065,0.907694756107265,0.764144187156839,7.05459836671601,0.0623,0.003100000000000,3.94,6.68,4.26530612244898,6.85416666666667,0.7351,0.734,0.7346,0.7649,0.7604,0.7627,-1.098105649,1.0
83.jpg,0,5.75,2.12,4.7111,2.222,0.562995357941135,0.747778116330463,1.43951771101265,0.421048334702639,0.111399619823107,181.1,146.53,95.04,151.25,1.19735537190083,0.968793388429752,0.628363636363636,7.13782485119068,0.0285,0.029700000000000,3.82,3.36,4.30612244897959,6.91666666666667,0.8438,0.859,0.8514,0.9252,0.9402,0.9327,-0.76172982,1.0
84.jpg,0,3.77,2.02,4.9556,2.7048,0.32670496809712,0.712405849119308,0.782715179591309,0.261173241049511,0.251229227801538,173.26,161.33,136.08,162.05,1.0691761801913,0.995556926874421,0.839740820734341,7.39596602283869,0.0536,0.039100000000000,4.74,6.2,4.06122448979592,5.6875,0.8223,0.8321,0.8272,0.8423,0.8497,0.846,0.075800083,2.0
85.jpg,0,4.44,2.05,3.913,2.2884,0.621386117654562,0.496600183823529,1.34141424934988,0.262580762999582,0.226710769326253,112.69,78.87,62.89,87.24,1.29172397982577,0.904057771664374,0.720884915176525,7.42421067284321,0.0361,0.068800000000000,4.66,5.48,4.55102040816327,6.875,0.7351,0.7336,0.7343,0.8109,0.8262,0.8186,-1.249560583,6.0
86.jpg,0,3.57,2.03,4.9348,2.6617,0.125408806158062,0.767689215686274,0.877542010382813,0.147448426581829,0.183142222423223,193.3,182.53,178.47,185.3,1.04317323259579,0.985051268213707,0.963140852671344,6.73877633634256,0.0369,0.062500000000000,5.48,4.58,3.87755102040816,4.125,0.9751,0.9588,0.967,0.9753,0.9602,0.9678,0.279560707,5.0
87.jpg,0,3.35,2.41,5.0,2.7136,0.365286569142969,0.281031270836865,0.365880586835044,0.130115762914458,0.074673714088591,71.26,60.53,44.04,61.87,1.15176983998707,0.978341684176499,0.711815096169387,5.77341254182476,0.0245,0.070800000000000,4.98,5.64,3.93877551020408,4.08333333333333,0.967,0.9507,0.9588,0.9738,0.9589,0.9664,-0.450388181,6.0
88.jpg,0,3.57,2.26,4.5111,2.4367,0.440682320880075,0.660879555389034,1.52781454890104,0.243990346726335,0.119126742477733,153.75,122.71,106.27,130.19,1.18096628005223,0.942545510407865,0.81626853060911,6.80637193584204,0.0694,0.084500000000000,4.66,6.3,3.81632653061224,6.3125,0.9088,0.915,0.9119,0.9615,0.9619,0.9617,-0.573996526,5.0
89.jpg,0,3.11,1.88,4.3478,2.4241,0.447114118295132,0.167365279770446,0.939663604637776,0.223401625134961,0.096576646630134,29.81,40.07,38.57,36.83,0.809394515340755,1.08797176215042,1.04724409448819,6.15974492469542,0.0451,0.029700000000000,3.82,3.64,3.46938775510204,3.75,0.7282,0.7099,0.7191,0.7468,0.724,0.7354,1.647111268,3.0
90.jpg,0,4.26,2.04,3.913,2.4205,0.329905219876209,0.207768013229389,0.979483059154258,0.144315169012909,0.05334445983137,39.44,50.33,47.1,46.71,0.844358809676729,1.0774994647827,1.00834938985228,5.57001432388388,0.0466,0.079100000000000,3.5,4.6,3.59183673469388,3.47916666666667,0.9192,0.9167,0.9179,0.9389,0.9373,0.9381,1.429790013,2.0
91.jpg,0,3.68,2.15,5.1111,2.3377,0.906615778025164,0.271290614508831,1.2499402387763,0.12300244924058,0.213651819686567,43.01,36.85,18.89,36.68,1.17257360959651,1.0046346782988,0.514994547437296,6.08225316182838,0.0138,0.036600000000000,6.36,2.94,4.6530612244898,6.91666666666667,0.6981,0.4791,0.5886,0.8366,0.76,0.7983,-0.663798233,6.0
92.jpg,0,3.42,2.09,5.413,2.1037,0.087449125250461,0.780483707297351,1.08069700585861,0.138636144004846,0.114583812355035,187.38,192.29,196.97,191.34,0.979303857008467,1.00496498379847,1.02942406187938,6.3029499511845,0.007,0.016700000000000,4.0,3.84,4.3265306122449,3.52083333333333,0.978,0.978,0.978,0.978,0.9789,0.9784,0.673583376,1.0
93.jpg,0,3.46,2.03,5.9565,1.9995,0.519632881221923,0.668032292810456,0.175256290404513,0.39386969231731,0.25285793665093,100.39,140.15,170.21,131.6,0.762841945288754,1.06496960486322,1.29338905775076,7.4217776206258,0.0278,0.024100000000000,4.34,3.36,5.24489795918367,2.54166666666667,0.8715,0.889,0.8803,0.8685,0.8939,0.8812,2.027290087,5.0
94.jpg,0,2.94,1.75,4.0652,2.294,0.565443052829905,0.603033790849673,1.52657702647477,0.310803418377197,0.326101263157354,138.26,119.25,85.5,121.21,1.14066496163683,0.983829717020048,0.705387344278525,6.59337697059678,0.0469,0.000900000000000,4.62,4.76,3.3265306122449,5.79166666666667,0.7339,0.7477,0.7408,0.7868,0.8197,0.8032,-0.398585161,1.0
95.jpg,0,3.53,2.34,4.8444,2.4117,0.276548732632717,0.452793078380177,0.769794926459214,0.104816550776876,0.151789945125464,111.63,86.14,92.63,94.5,1.18126984126984,0.911534391534392,0.98021164021164,7.13434779554117,0.0284,0.111700000000000,4.5,4.58,4.79591836734694,4.79166666666667,0.8897,0.9194,0.9045,0.8864,0.9214,0.9039,-0.497265523,3.0
96.jpg,0,3.63,1.95,5.6889,2.3915,0.203534540928751,0.628188045029333,0.278992120857228,0.112836291868786,0.183457473465214,132.78,136.05,160.16,137.83,0.963360661684684,0.987085540158166,1.16201117318436,7.55324262837601,0.0075,0.157300000000000,4.5,3.76,5.14285714285714,2.8125,0.9556,0.9479,0.9517,0.9525,0.9438,0.9481,0.821419321,4.0
97.jpg,0,3.04,2.0,4.3111,2.401,0.788509300837039,0.929294420763472,0.068551662145241,0.164866776790311,0.069423282630418,236.97,156.43,50.56,168.98,1.40235530832051,0.925730855722571,0.299207006746361,6.27537857014181,0.0093,0.076300000000000,4.66,3.54,4.40816326530612,7.25,0.9937,0.95,0.9718,0.9948,0.9843,0.9896,-2.08845448,7.0
98.jpg,0,3.32,2.54,4.6667,2.5495,0.294927805852989,0.434672214251555,0.520575770494723,0.111821301684619,0.161900525256348,90.72,81.93,109.28,87.66,1.03490759753593,0.934633812457221,1.24663472507415,7.25461898030939,0.0464,0.083400000000000,3.74,6.74,4.57142857142857,3.89583333333333,0.8868,0.8784,0.8826,0.8785,0.8695,0.874,0.454614268,9.0
99.jpg,0,2.9,2.47,4.6364,2.2833,0.117911254686709,0.692707882749057,0.191026937388356,0.064866379368053,0.283799924500058,164.18,156.61,176.63,161.2,1.01848635235732,0.971526054590571,1.09571960297767,5.57963793152887,0.0135,0.045700000000000,4.96,3.6,4.61224489795918,3.6875,0.9536,0.8533,0.9035,0.9532,0.8535,0.9033,0.4765035,7.0
100.jpg,0,2.98,2.03,4.6522,2.121,0.283788433503757,0.7764096715987,0.833842129363409,0.151832288195605,0.080107427786112,177.79,148.07,177.87,160.33,1.10890039293956,0.923532713777833,1.10939936381214,6.24322526274768,0.0162,0.117700000000000,4.42,4.94,4.3469387755102,5.5625,0.9742,0.9696,0.9719,0.9914,0.9909,0.9912,-0.027238656,7.0
101.jpg,0,2.46,1.9,4.3333,2.2664,0.172384021542514,0.775189888967635,0.754421547845122,0.130009049997821,0.079158731592353,171.26,176.47,190.62,176.51,0.970256642683134,0.999773383944253,1.07993881366495,6.31213647634309,0.0069,0.159100000000000,2.94,2.72,3.18367346938776,4.33333333333333,0.9815,0.9773,0.9794,0.9885,0.9852,0.9868,0.74744788,1.0
102.jpg,0,3.65,1.87,4.2889,2.222,0.425065281939689,0.874378447313885,0.116965338231484,0.161776880416725,0.139573916729664,222.95,173.41,128.97,183.28,1.21644478393715,0.946147970318638,0.703677433435181,6.90699497310455,0.0299,0.084600000000000,4.88,5.62,4.24489795918367,6.0625,0.9534,0.9642,0.9588,0.9602,0.9688,0.9645,-0.826716222,2.0
103.jpg,0,3.54,1.86,4.1333,2.3798,0.432469542986223,0.507816311739887,0.315129439013419,0.183451804797727,0.281545854048983,91.28,129.49,94.56,114.11,0.799929892209272,1.13478222767505,0.828674086407852,5.67371937059598,0.019,0.039100000000000,4.2,3.66,3.38775510204082,4.04166666666667,0.8412,0.6956,0.7684,0.8563,0.7206,0.7885,1.601433108,2.0
104.jpg,0,2.53,2.0,4.0444,2.1946,0.290232758687007,0.479843158003942,1.59549540492319,0.217864504232914,0.255201562510835,117.1,102.26,94.58,105.83,1.10649154304073,0.966266654067845,0.893697439289426,7.63650868098555,0.0511,0.042800000000000,5.1,6.2,4.24489795918367,5.10416666666667,0.7563,0.7707,0.7635,0.7689,0.7779,0.7734,-0.111320311,3.0
105.jpg,0,3.3,1.98,4.7174,2.5444,0.144257398430447,0.309823953644783,0.851230635160071,0.125050108245196,0.213484541073397,72.89,76.72,78.01,75.75,0.962244224422442,1.01280528052805,1.02983498349835,6.43870349888055,0.043,0.040700000000000,4.56,5.08,4.20408163265306,3.39583333333333,0.7081,0.7867,0.7474,0.7125,0.7895,0.751,0.766153126,7.0
106.jpg,0,3.53,2.44,5.4667,2.8332,0.556824596554755,0.270886888492771,1.04836468465243,0.249157403342944,0.254717868458782,43.36,47.9,59.16,47.8,0.907112970711297,1.0020920502092,1.23765690376569,6.58866059985391,0.0377,0.056900000000000,6.7,7.38,5.26530612244898,3.91666666666667,0.4493,0.4956,0.4724,0.4878,0.5213,0.5045,1.181005466,8.0
107.jpg,0,3.35,1.85,4.8043,2.613,0.199167955562904,0.478059211376859,0.957748302518637,0.244010852359908,0.178531153433407,107.28,114.89,108.51,111.88,0.958884519127637,1.02690382552735,0.969878441186986,6.97305994512456,0.0198,0.003800000000000,4.02,4.32,3.83673469387755,4.60416666666667,0.8647,0.8743,0.8695,0.8795,0.8849,0.8822,0.76317422,5.0
108.jpg,0,3.36,1.97,3.9778,2.2812,0.630027496162108,0.645888351826518,0.074410439858055,0.089221831049019,0.118433320740406,164.7,97.65,60.79,113.58,1.45007923930269,0.859746434231379,0.535217467864061,6.44450377160765,0.0612,0.094100000000000,4.58,5.44,3.57142857142857,6.33333333333333,0.9654,0.967,0.9662,0.9694,0.9701,0.9698,-2.230408984,5.0
109.jpg,0,3.77,2.29,4.3778,2.0482,0.664873350815129,0.730035251258973,0.560624958629748,0.199169098413031,0.219853535060257,181.86,97.81,68.98,119.77,1.51841028638223,0.816648576438173,0.575937212991567,7.59454194510613,0.0554,0.072600000000000,4.92,6.76,4.73469387755102,7.0625,0.8502,0.8774,0.8638,0.8681,0.8961,0.8821,-2.60322207,5.0
110.jpg,0,4.9,1.96,3.8,2.0516,0.549205044272312,0.610601929327881,0.91093321438364,0.248895133305593,0.342193603234121,154.41,101.22,69.4,113.6,1.35924295774648,0.891021126760563,0.610915492957747,7.44769399286126,0.0227,0.050600000000000,4.1,4.9,4.26530612244898,6.79166666666667,0.8393,0.7937,0.8165,0.8469,0.8135,0.8302,-1.682161704,4.0
111.jpg,0,4.46,2.36,4.3778,2.2792,0.318466171514527,0.32273409452233,0.771200766260298,0.156398613892873,0.292684519923492,75.26,59.34,69.09,65.15,1.15518035303147,0.910821181887951,1.06047582501919,6.36254693279257,0.0229,0.069100000000000,6.2,6.46,5.46938775510204,5.25,0.8776,0.5913,0.7345,0.8855,0.5893,0.7374,-0.303885269,8.0
112.jpg,0,3.21,1.77,3.8,2.1595,0.572541061594148,0.728868534080299,0.976163733153463,0.293118435898275,0.294941384343738,173.48,124.12,87.92,134.93,1.28570369821389,0.919884384495664,0.651597124434892,7.22885473121801,0.0449,0.016300000000000,3.62,3.9,3.55102040816327,6.83333333333333,0.7679,0.8029,0.7854,0.8083,0.8588,0.8335,-1.250171796,1.0
113.jpg,0,6.6,2.17,4.4773,2.6103,0.268496365418346,0.418867271847011,1.55875758512552,0.219057444559192,0.265298033944875,96.69,92.54,96.12,94.19,1.02654209576388,0.982482216795838,1.02049049792972,7.75648054732962,0.0747,0.061200000000000,5.26,7.78,5.40816326530612,4.16666666666667,0.7599,0.7729,0.7664,0.7588,0.7708,0.7648,0.40009431,8.0
114.jpg,0,4.1,2.38,5.2391,2.3398,0.105321863992837,0.761300949432404,1.22637153667754,0.2130687459931,0.152674157915052,186.56,184.18,188.13,185.37,1.00641959324594,0.993580406754059,1.01488914063764,5.32670004114827,0.019,0.056800000000000,4.44,4.24,4.42857142857143,4.54166666666667,0.9395,0.939,0.9392,0.9389,0.938,0.9384,0.510597122,1.0
115.jpg,0,4.42,1.91,4.1957,2.5177,0.08251751529476,0.716058546712803,0.682279915169011,0.094983619707929,0.17173634664892,181.72,177.64,170.61,178.06,1.02055486914523,0.997641244524318,0.958160170728968,7.13702621778755,0.0374,0.040100000000000,3.96,4.54,3.85714285714286,4.3125,0.9602,0.9628,0.9615,0.9629,0.9652,0.964,0.40657453,4.0
116.jpg,0,3.9,2.06,4.4667,2.2923,0.448704607830032,0.173223416723011,0.866119914097554,0.279025156745016,0.18452558019593,40.59,31.6,20.49,33.09,1.22665457842248,0.954971290420066,0.619220308250227,5.95931647667816,0.0395,0.030500000000000,4.72,5.12,3.87755102040816,5.27083333333333,0.6594,0.6453,0.6524,0.708,0.6898,0.6989,-0.936413235,7.0
117.jpg,0,2.69,1.97,4.2889,2.4273,0.660739852017399,0.710455654585066,1.18642589049764,0.258665773211016,0.280442504399326,166.51,136.4,60.71,137.12,1.21433780630105,0.994749124854142,0.442750875145858,7.25591876492679,0.0537,0.013700000000000,4.42,5.22,3.53061224489796,6.8125,0.8294,0.8068,0.8181,0.8842,0.8678,0.876,-0.949092755,1.0
118.jpg,0,3.4,2.08,4.0682,2.4342,0.358992309248195,0.486804398796556,0.745860724049569,0.293230874233277,0.253501540639387,121.41,105.27,79.92,107.26,1.13192243147492,0.981446951333209,0.745105351482379,7.65385195289596,0.0502,0.055800000000000,4.82,5.98,4.53061224489796,5.83333333333333,0.7716,0.7632,0.7674,0.797,0.7868,0.7919,-0.32603228,3.0
119.jpg,0,3.52,1.76,4.1111,2.5246,0.415054724435315,0.498641513062991,0.59397515989277,0.181694756893608,0.109253473661086,124.81,112.06,76.43,111.86,1.11576971214018,1.00178794922224,0.683264795279814,6.77610228884232,0.055,0.064500000000000,4.62,6.08163265306122,4.30612244897959,5.10416666666667,0.9375,0.9359,0.9367,0.9513,0.9485,0.9499,-0.260939527,2.0
120.jpg,0,3.65,1.52,3.8889,2.47,0.328940492492192,0.586116587175411,0.417620808008911,0.213235586111973,0.232790858948165,149.33,129.27,105.48,132.57,1.12642377611828,0.97510749038244,0.795655125594026,7.40696574076957,0.0307,0.070200000000000,3.84,4.66,3.63265306122449,5.14583333333333,0.9276,0.8563,0.892,0.9296,0.8644,0.897,-0.268333498,4.0
122.jpg,0,3.53,2.26,4.6222,2.5521,0.540211411439148,0.443916357593885,0.178490044610743,0.168065155018208,0.151069734721917,113.2,68.24,55.88,80.29,1.40988915182464,0.84991904346743,0.695977083073857,7.16492028455039,0.0387,0.085200000000000,5.92,7.6,5.24489795918367,6.1875,0.8442,0.8483,0.8463,0.8327,0.8385,0.8356,-1.925202177,3.0
123.jpg,0,3.77,2.21,3.6889,2.5479,0.517299851134106,0.563243537414966,0.50027563368963,0.223348276868629,0.207504800886857,142.5,88.4,70.09,102.54,1.38970157987127,0.862102594109616,0.683538131460893,7.46551417831727,0.0399,0.122800000000000,4.24,6.86,4.18367346938776,6.83333333333333,0.8318,0.8631,0.8475,0.8429,0.8679,0.8554,-1.819008951,2.0
124.jpg,0,3.08,1.43,3.2222,1.8936,0.498166610855167,0.582582871774138,1.08306565466658,0.30107941917908,0.285734326689704,144.58,117.25,81.01,121.39,1.191037152978,0.96589504901557,0.667353159238817,7.06804143000952,0.0358,0.030600000000000,3.74,4.02,3.02040816326531,5.1875,0.7895,0.8554,0.8224,0.8116,0.8669,0.8393,-0.699819606,2.0
125.jpg,0,4.96,2.08,4.3556,2.2779,0.149909236583832,0.735233065015479,0.804608445241179,0.144589292573629,0.189460517592871,182.71,179.76,167.09,179.15,1.01987161596428,1.00340496790399,0.932682109963718,6.88089888904847,0.0335,0.048500000000000,4.7,4.5,4.0,4.47916666666667,0.9319,0.9229,0.9274,0.9352,0.9264,0.9308,0.401986268,4.0
126.jpg,0,4.25,1.7,4.0889,2.5568,0.236708725233893,0.53252528129896,1.62054881026476,0.24309066995588,0.255772101955159,111.14,124.45,122.55,120.26,0.924164310660236,1.03484117744886,1.01904207550308,7.66638192638391,0.0446,0.041200000000000,5.38,4.96,3.91836734693878,4.29166666666667,0.7876,0.7738,0.7807,0.797,0.7885,0.7928,0.981156752,3.0
127.jpg,0,4.94,1.89,4.8409,2.2303,0.342543268034963,0.381876535780553,1.09526615183168,0.200875207152898,0.2374985453215,95.93,69.87,64.09,77.01,1.24568237891183,0.907284768211921,0.832229580573951,6.80891441590476,0.0291,0.040500000000000,4.92,4.84,4.12244897959184,5.375,0.7309,0.7066,0.7187,0.7257,0.6934,0.7095,-0.930093919,6.0
128.jpg,0,3.79,2.1,4.6522,2.5229,0.447518146683791,0.473055362719501,1.03366072430438,0.267349458859479,0.30435936647364,116.73,86.0,74.67,93.94,1.24260166063445,0.915477964658293,0.794869065360869,7.27783542389786,0.0586,0.009600000000000,5.0,7.02,3.93877551020408,5.9375,0.6377,0.6079,0.6228,0.64,0.5957,0.6179,-0.932901406,1.0
129.jpg,0,3.63,1.93,4.3261,2.3856,0.550439800093894,0.506266772085178,1.42523910976673,0.192678369012096,0.257954496638816,114.75,99.22,64.02,100.0,1.1475,0.9922,0.6402,7.16154989379734,0.0263,0.078200000000000,5.42,3.36,3.95918367346939,6.29166666666667,0.804,0.8225,0.8132,0.851,0.8637,0.8574,-0.471148335,5.0
130.jpg,0,4.33,1.92,5.1304,2.2569,0.599928770106082,0.464501065049975,0.642709463040972,0.213769762760343,0.284658315078161,118.31,79.51,50.09,87.82,1.3471874288317,0.905374629924846,0.570371213846504,7.08855663314009,0.0265,0.091300000000000,4.24,4.82,3.83673469387755,6.125,0.8734,0.712,0.7927,0.8648,0.6958,0.7803,-1.629528084,2.0
131.jpg,0,5.77,2.39,4.6444,2.2275,0.177877081091394,0.474974499089254,0.297865482763551,0.069369365138628,0.144954124195746,121.05,109.73,99.14,111.92,1.08157612580415,0.980432451751251,0.885811293781272,7.01759479236089,0.0254,0.055300000000000,5.76,6.56,5.18367346938776,3.85416666666667,0.9356,0.938,0.9368,0.9386,0.9413,0.94,0.02651835,8.0
132.jpg,0,4.08,2.04,4.5,2.1161,0.526901091050792,0.626430133139676,0.537708394728702,0.251377703168075,0.174824487727649,157.89,124.59,73.32,128.89,1.22499806036155,0.966638218636046,0.56885716502444,7.15744652309852,0.0548,0.062500000000000,3.7,4.46,3.57142857142857,6.08333333333333,0.8977,0.9407,0.9192,0.944,0.9641,0.954,-0.943037187,9.0
133.jpg,0,4.27,2.32,4.3333,2.722,0.536094314354187,0.41828664893093,1.46242077600758,0.374917406696818,0.266545665600239,93.06,75.18,75.68,80.6,1.1545905707196,0.932754342431762,0.938957816377171,7.36784865059049,0.0538,0.027700000000000,5.1,6.84,4.16326530612245,5.89583333333333,0.6422,0.6582,0.6502,0.6487,0.6668,0.6578,-0.366113023,1.0
134.jpg,0,4.9,1.92,6.5227,2.1619,0.114495025314054,0.389168669281047,0.123019237662851,0.054773002702769,0.255331957809555,99.24,94.52,90.62,95.46,1.03959773727216,0.990152943641316,0.949298135344647,7.4390359580035,0.0661,0.014000000000000,6.26,6.08,6.04081632653061,4.3125,0.7699,0.7494,0.7597,0.7714,0.7508,0.7611,0.297313965,9.0
135.jpg,0,4.26,2.29,3.6222,2.4706,0.450933096871361,0.454005917101018,0.328642736009752,0.203623249053992,0.130688730064209,115.64,94.76,59.56,97.06,1.19142798269112,0.976303317535545,0.613641046775191,6.70409135199778,0.0237,0.138800000000000,3.86,5.52,4.93877551020408,5.02083333333333,0.9519,0.946,0.949,0.9562,0.964,0.9601,-0.724760902,1.0
136.jpg,0,3.91,2.27,4.3182,2.4473,0.404283639545157,0.490204064542483,1.59294338067176,0.215821366353203,0.221114289473361,89.78,97.7,103.7,96.01,0.935110925945214,1.0176023330903,1.08009582335173,7.22953366541962,0.0395,0.066800000000000,4.5,6.66,5.28571428571429,4.60416666666667,0.8283,0.8013,0.8148,0.8509,0.8713,0.8611,0.94710184,6.0
137.jpg,0,4.15,2.28,4.413,2.4274,0.434873391895792,0.356914385556203,0.704767346959205,0.25047726777913,0.169543326440591,89.77,69.31,56.55,74.0,1.21310810810811,0.936621621621622,0.764189189189189,7.26743204547601,0.0856,0.047700000000000,4.9,7.28,4.69387755102041,5.20833333333333,0.7477,0.7732,0.7604,0.7591,0.7864,0.7727,-0.777806189,3.0
138.jpg,0,5.69,2.49,3.9778,2.2912,0.551155325315695,0.638239431835726,0.690370739786656,0.267364300909971,0.254760124168759,159.5,111.72,81.09,122.6,1.30097879282219,0.911256117455139,0.66141924959217,7.86560470377146,0.0504,0.062200000000000,3.98,6.64,4.77551020408163,6.5625,0.7705,0.7809,0.7757,0.7772,0.794,0.7856,-1.326324042,1.0
139.jpg,0,3.19,1.99,4.8913,2.3966,0.651667484056367,0.751948121899364,0.29189954850592,0.300803692950858,0.28289095588503,74.0,133.95,191.65,122.36,0.60477280156914,1.09472049689441,1.56627983000981,7.48181359082563,0.0295,0.041400000000000,5.72,4.3,4.42857142857143,2.95833333333333,0.8668,0.7912,0.829,0.8435,0.7773,0.8104,3.060257282,5.0
140.jpg,0,4.94,1.57,3.7609,2.2527,0.70779253393716,0.474750246467302,0.86258296110312,0.310512759227478,0.300923409862989,119.44,62.73,31.41,76.24,1.56663168940189,0.822796432318993,0.411988457502623,6.85532681010392,0.0221,0.024900000000000,3.9,3.44,3.42857142857143,6.08333333333333,0.5352,0.7215,0.6283,0.6169,0.6929,0.6549,-2.956754058,3.0
141.jpg,0,5.66,2.17,4.8636,2.3086,0.081631618324936,0.678585746036449,0.945323629837213,0.075571062847043,0.161238375753667,163.07,169.61,169.14,167.59,0.973029417029656,1.01205322513276,1.0092487618593,6.46154074647367,0.0281,0.042000000000000,3.6,3.06,3.44897959183673,3.60416666666667,0.9542,0.9651,0.9596,0.9525,0.9638,0.9582,0.700174345,2.0
142.jpg,0,5.15,1.94,4.9111,2.0979,0.357074368209304,0.65588429820477,1.72012727633736,0.289492472023433,0.225531790412625,151.85,126.8,123.15,133.93,1.13380123945345,0.946763234525498,0.919510191891286,7.46238039977018,0.0229,0.070900000000000,4.22,4.24,4.18367346938776,6.1875,0.8404,0.8267,0.8336,0.8676,0.8676,0.8676,-0.258654932,4.0
143.jpg,0,4.77,2.53,5.3478,2.5579,0.384461340256827,0.649822362403406,0.401625263022466,0.273175101459753,0.276978663171562,162.97,155.5,112.42,152.91,1.06579033418351,1.01693806814466,0.735203714603362,7.66640932610366,0.0466,0.073900000000000,6.38,7.88,5.40816326530612,5.4375,0.842,0.8522,0.8471,0.8583,0.8724,0.8653,0.04491119,9.0
144.jpg,0,6.47,1.85,4.25,2.5346,0.347991469656644,0.572790029071565,0.186656053057822,0.157454012732244,0.162046558840245,146.04,122.1,97.25,126.45,1.15492289442467,0.965599051008304,0.769078687228153,7.3112956355175,0.0488,0.058500000000000,4.16,6.4,4.30612244897959,5.0,0.9115,0.918,0.9148,0.9192,0.9261,0.9227,-0.443063245,2.0
145.jpg,0,5.85,2.0,3.8667,2.117,0.377273059312415,0.656151734539969,0.645494133618083,0.235543024495497,0.208591493634682,163.76,139.1,109.75,143.19,1.14365528319017,0.971436552831902,0.766464138557162,7.61514236829434,0.0348,0.059000000000000,4.72,5.92,4.12244897959184,5.875,0.8619,0.8667,0.8643,0.8807,0.8845,0.8826,-0.382608406,2.0
146.jpg,0,6.04,2.05,3.587,2.3905,0.183127662094283,0.469661016949153,0.599631116123693,0.23171213284774,0.313806680292785,119.21,113.92,107.65,114.79,1.03850509626274,0.992420942590818,0.937799459883265,7.80948447279636,0.0694,0.082500000000000,4.28,6.68,5.42857142857143,4.22916666666667,0.6764,0.6875,0.682,0.6807,0.6914,0.686,0.295309126,1.0
147.jpg,0,5.69,2.24,3.9556,2.2659,0.554242902431997,0.560059023287599,0.702182332679203,0.282695510836049,0.198208575096872,140.95,97.89,61.74,106.76,1.32025103034844,0.916916448107906,0.5783064818284,7.40438104864113,0.0376,0.052100000000000,4.84,6.86,4.77551020408163,6.72916666666667,0.8344,0.8382,0.8363,0.8651,0.8681,0.8666,-1.476677213,1.0
148.jpg,0,6.16,2.17,4.3556,2.6981,0.248590484993652,0.284810971935944,0.595842149998539,0.211509993350359,0.257970772962329,72.23,67.75,64.73,68.76,1.05046538685282,0.985311227457824,0.941390343222804,6.68116463699783,0.0508,0.042100000000000,5.24,6.16,5.51020408163265,3.47916666666667,0.5148,0.564,0.5394,0.5173,0.5658,0.5415,0.226972175,1.0
149.jpg,0,6.69,2.16,4.2222,2.2247,0.60420697699661,0.428635119340215,0.214765018063502,0.247977500693451,0.30679923240439,109.09,76.92,44.26,82.92,1.31560540279788,0.927641099855282,0.533767486734202,7.02533452263805,0.0342,0.068500000000000,3.38,5.5,4.3265306122449,5.91666666666667,0.6736,0.6995,0.6865,0.7048,0.726,0.7154,-1.471723994,1.0
150.jpg,0,5.43,2.2,3.913,2.2981,0.188307048844579,0.666181473237943,0.379917337919928,0.097228338796773,0.081348947681823,169.78,145.62,138.81,152.08,1.11638611257233,0.957522356654392,0.912743293003682,6.25355871665269,0.0409,0.201100000000000,3.26,3.82,3.24489795918367,5.47916666666667,0.9794,0.979,0.9792,0.9828,0.9829,0.9828,-0.159183862,1.0
151.jpg,0,3.59,1.97,4.5778,2.2001,0.428388323453494,0.607076503087423,0.777345160880664,0.415451446210707,0.34187712182193,154.3,136.07,118.0,139.51,1.1060139058132,0.975342269371371,0.845817504121568,7.42120879922172,0.0418,0.121600000000000,3.88,4.98,3.48979591836735,5.625,0.7976,0.7197,0.7586,0.8224,0.7337,0.7781,-0.132593562,1.0
152.jpg,0,4.04,2.22,4.9333,2.2903,0.140307403630389,0.743981487369723,0.925642399520213,0.123771333347049,0.088214537610486,184.89,187.22,166.42,184.19,1.00380042347576,1.01645040447364,0.903523535479668,6.49112028446723,0.0124,0.114500000000000,4.96,3.42,4.81632653061224,4.3125,0.99,0.9794,0.9847,0.9911,0.9862,0.9886,0.475643499,6.0
153.jpg,0,4.13,2.47,5.0682,2.0954,0.243755038203586,0.297737077187371,1.37219037184236,0.236141627081071,0.16324493247558,66.66,65.81,65.15,65.99,1.01015305349295,0.997272313986968,0.98727079860585,6.96048641604925,0.0538,0.041100000000000,4.38,6.52,5.26530612244898,3.77083333333333,0.799,0.7935,0.7962,0.8284,0.811,0.819,0.478522376,7.0
155.jpg,0,6.02,1.91,5.1333,2.2422,0.632734524548484,0.607192963692653,1.71123141206966,0.174353249809269,0.216847860991859,127.65,128.41,75.7,122.42,1.04272177748734,1.04892991341284,0.618363012579644,7.38302986068885,0.0262,0.086300000000000,4.92,5.26,4.46938775510204,5.35416666666667,0.9317,0.764,0.8478,0.9592,0.8653,0.9122,0.109673638,3.0
156.jpg,0,6.94,2.4,5.1111,2.3858,0.611644948170447,0.351342863402344,0.22148203060892,0.181440027980185,0.151245370739539,89.58,48.62,33.63,59.18,1.51368705643799,0.821561338289963,0.568266306184522,6.63296689596662,0.0521,0.056300000000000,5.36,6.46,5.51020408163265,6.29166666666667,0.8713,0.8683,0.8698,0.8922,0.8828,0.8875,-2.573662169,9.0
157.jpg,0,3.31,2.26,4.4667,2.2623,0.291672647686202,0.432011774583889,1.49896177033216,0.308470840050001,0.256895541038111,94.41,90.3,100.91,92.74,1.01800733232694,0.973689885701962,1.08809575156351,6.84391231849185,0.0328,0.014600000000000,4.92,5.04,3.6734693877551,4.875,0.7576,0.7481,0.7529,0.7649,0.757,0.7609,0.478486239,5.0
158.jpg,0,6.29,2.26,4.5652,2.3725,0.350012407313185,0.294731062951497,1.07688826367886,0.195450187801621,0.158021461809254,70.26,68.48,50.38,66.98,1.0489698417438,1.02239474469991,0.752164825320991,6.99750759697786,0.0268,0.082200000000000,4.82,6.48,4.83673469387755,4.25,0.8061,0.7925,0.7993,0.8229,0.8096,0.8163,0.149157067,7.0
159.jpg,0,5.38,2.35,5.1522,2.5295,0.440979672300585,0.32978731959789,1.680826481615,0.226149719866131,0.270632798946121,76.19,71.26,52.08,70.57,1.07963723962024,1.00977752586085,0.737990647583959,6.86391552345067,0.0217,0.024000000000000,4.68,5.66,4.40816326530612,5.125,0.7193,0.7204,0.7199,0.7294,0.7361,0.7327,-0.029987951,7.0
160.jpg,0,5.18,2.11,3.9783,2.2459,0.23769900160387,0.463066963928429,0.142642222320784,0.072971450607081,0.174958075996971,118.0,112.28,91.49,111.61,1.05725293432488,1.00600304632201,0.819729414926978,7.31096647752531,0.0105,0.157500000000000,3.6,4.14,3.95918367346939,3.60416666666667,0.9452,0.8933,0.9192,0.9471,0.8959,0.9215,0.13765521,1.0
161.jpg,0,4.81,2.09,4.6222,2.4336,0.618934210799685,0.339825288175876,1.44446998085234,0.318014880877223,0.291897486908628,59.81,41.09,47.59,47.42,1.2612821594264,0.866512020244623,1.0035849852383,6.11060310339498,0.0589,#NULL!,4.04,4.86,4.20408163265306,5.75,0.6443,0.6357,0.64,0.6406,0.6663,0.6535,-0.9402391,8.0
162.jpg,0,3.82,2.19,5.6957,1.9874,0.116084883633951,0.814703098591548,0.582819826636391,0.091161843827842,0.145560104090802,194.58,187.36,205.07,191.53,1.01592439826659,0.978227953845351,1.07069388607529,6.66451391145155,0.0427,0.055100000000000,5.1,4.96,5.06122448979592,4.10416666666667,0.9789,0.9671,0.973,0.9783,0.9661,0.9722,0.483212008,1.0
163.jpg,0,4.4,2.38,3.6444,2.1654,0.424735754297544,0.267837816533649,0.654507601239954,0.219759257477661,0.240679264545898,48.6,46.45,65.87,49.25,0.986802030456853,0.943147208121828,1.33746192893401,6.93165011457852,0.0463,0.041500000000000,3.82,5.28,4.06122448979592,3.10416666666667,0.5908,0.6641,0.6275,0.5667,0.6427,0.6047,0.77823669,4.0
164.jpg,0,4.96,2.28,4.0652,2.2549,0.261209685913233,0.592046378454996,1.02270311722273,0.182102394087259,0.272489788810746,132.3,122.78,140.36,127.62,1.03667136812412,0.962074909888732,1.09982761322677,7.81663336631142,0.0381,0.069200000000000,4.44,6.5,4.73469387755102,4.625,0.8835,0.8677,0.8756,0.8826,0.8692,0.8759,0.378575615,7.0
165.jpg,0,2.92,2.23,5.2391,2.3588,0.451836966668147,0.477391317920203,0.661864555008937,0.372420741852919,0.290948847724903,119.73,80.86,69.05,91.2,1.31282894736842,0.886622807017544,0.757127192982456,7.16348409463991,0.0506,0.087200000000000,4.84,5.08,4.08163265306122,5.5,0.6948,0.5991,0.6469,0.6759,0.64,0.6579,-1.351401463,6.0
166.jpg,0,3.67,2.38,4.1333,2.5549,0.327514543381559,0.283762163458656,1.4713116234872,0.197877254643051,0.244771522558487,62.89,59.38,64.45,61.0,1.03098360655738,0.97344262295082,1.05655737704918,7.31692646774668,0.0447,0.041800000000000,4.86,6.4,5.22448979591837,3.72916666666667,0.5662,0.5717,0.569,0.5814,0.5863,0.5839,0.392166391,7.0
167.jpg,0,3.65,2.25,4.7391,2.304,0.284151109771383,0.602551827094474,0.556604040423138,0.348065856356853,0.250767908601955,150.32,131.53,123.4,136.3,1.1028613352898,0.965003668378577,0.905355832721937,6.3593111985849,0.0386,0.027000000000000,4.6,3.26,3.30612244897959,5.95833333333333,0.7872,0.7968,0.792,0.7976,0.8074,0.8025,-0.090602655,1.0
168.jpg,0,2.85,2.05,4.7778,2.1731,0.285708224597557,0.797701251800154,0.787381135499493,0.283973409351306,0.205786970175967,196.25,196.11,155.79,191.69,1.02378840836768,1.02305806249674,0.812718451666754,6.28121868154864,0.0333,0.034400000000000,5.04,5.18,3.83673469387755,5.66666666666667,0.9075,0.9262,0.9168,0.9293,0.9428,0.9361,0.31672445,3.0
169.jpg,0,2.58,2.4,4.5556,2.3116,0.410433681734692,0.590069379844961,1.23517012062215,0.167232712278851,0.178298378910061,124.96,89.58,117.94,103.35,1.20909530720851,0.866763425253991,1.14117077890663,5.83944553262319,0.0432,0.026900000000000,4.58,5.86,4.3265306122449,6.14583333333333,0.9069,0.8952,0.9011,0.9457,0.9375,0.9416,-0.580268374,5.0
170.jpg,0,5.22,1.95,6.1739,2.0796,0.493197060497692,0.551925942280397,1.3094962341246,0.333111734917581,0.325550759620741,114.13,132.18,112.2,124.54,0.916412397623253,1.06134575236872,0.900915368556287,7.6118444850159,0.0606,0.053100000000000,4.64,5.74,5.12244897959184,5.25,0.803,0.7983,0.8006,0.8155,0.8086,0.812,0.970639078,3.0
171.jpg,0,3.36,1.77,4.4222,2.2207,0.464051921422963,0.558281362646068,0.519864673914586,0.195919323223606,0.222936165582445,142.17,102.9,74.77,111.49,1.27518163063952,0.922952731186654,0.670643107005113,7.45846688811316,0.0288,0.063600000000000,4.58,4.84,4.22448979591837,6.0,0.8488,0.851,0.8499,0.8643,0.8569,0.8606,-1.173472539,7.0
172.jpg,0,5.53,2.02,4.9348,2.1437,0.18704790456765,0.44375324434013,1.14864881030337,0.226798836914863,0.298464037604318,109.48,105.59,108.36,107.06,1.02260414720717,0.986269381655147,1.01214272370633,7.51204684506322,0.034,0.066700000000000,5.78,6.18,4.89795918367347,3.97916666666667,0.9022,0.6303,0.7662,0.9034,0.6323,0.7679,0.419750645,8.0
174.jpg,0,4.94,2.31,5.7391,2.2453,0.596523751338898,0.460115366848494,0.730152248106752,0.296806071103915,0.238179899960951,114.87,67.55,54.61,80.28,1.43086696562033,0.841429995017439,0.680244145490782,7.47324720128732,0.0469,0.087900000000000,5.06,7.2,5.61224489795918,7.33333333333333,0.7714,0.6578,0.7146,0.7916,0.7128,0.7522,-2.056597869,6.0
175.jpg,0,6.67,2.41,5.4222,2.4073,0.229557741611312,0.830860002142932,1.20188568376687,0.208163356973123,0.157522702943635,202.36,190.42,177.21,192.51,1.05116617318581,0.989143421120981,0.92052360916316,6.81818206434135,0.0315,0.073400000000000,5.0,6.48,5.6734693877551,5.54166666666667,0.9444,0.9435,0.944,0.9522,0.9523,0.9523,0.21457072,7.0
176.jpg,0,7.6,2.38,4.1556,2.3832,0.505671967232822,0.77389373282023,0.231740370263495,0.210096491674479,0.195160098193534,197.35,160.6,99.73,164.85,1.19714892326357,0.97421898695784,0.604974218986958,7.46103054673357,0.0936,0.047800000000000,4.92,7.1,5.30612244897959,6.47916666666667,0.9185,0.9168,0.9177,0.9236,0.9222,0.9229,-0.766243741,6.0
177.jpg,0,5.26,2.32,4.7955,2.2781,0.282409838295707,0.322902172760997,1.30059533479049,0.288796091784398,0.280541828155647,70.31,71.4,73.2,71.27,0.986530096814929,1.00182404938965,1.02708011786165,7.32550029165432,0.0538,0.063000000000000,4.98,6.24,6.10204081632653,4.16666666666667,0.5573,0.5576,0.5574,0.5719,0.576,0.5739,0.631964795,7.0
178.jpg,0,6.72,1.91,5.8889,2.0251,0.375497065014021,0.586238248296665,1.43448459509868,0.244949003105304,0.26850620841819,131.64,138.36,113.93,133.62,0.985181859003143,1.03547373147732,0.852641820086813,7.87034756325731,0.0266,0.104400000000000,4.76,6.22,5.6734693877551,5.9375,0.9134,0.8721,0.8927,0.9308,0.8981,0.9145,0.556937273,9.0
179.jpg,0,6.59,2.11,5.6304,2.4887,0.451654475398054,0.297558196078432,1.89483288239762,0.336518147268288,0.322113869491243,72.37,69.0,54.64,68.4,1.05804093567251,1.00877192982456,0.798830409356725,7.0612549952157,0.0482,0.057300000000000,4.98,7.26,5.12244897959184,4.625,0.6325,0.6281,0.6303,0.64,0.6336,0.6368,0.11859683,8.0
180.jpg,0,6.59,2.12,6.0435,1.9884,0.761238673151367,0.806485442101368,0.519866843438255,0.256689158988351,0.223293781248331,204.46,55.99,52.82,100.1,2.04255744255744,0.559340659340659,0.527672327672328,7.05674548260497,0.0546,0.034800000000000,5.18,5.98,5.6734693877551,8.10416666666667,0.8577,0.8647,0.8612,0.8493,0.8486,0.849,-5.603098274,9.0
181.jpg,0,3.98,2.23,5.2889,2.6596,0.29615063774373,0.562265613110916,0.339567630357575,0.252624746993143,0.354113754597704,143.29,132.51,108.41,133.02,1.07720643512254,0.99616599007668,0.814990227033529,7.76967684890096,0.0904,0.030400000000000,4.92,6.32,5.40816326530612,4.83333333333333,0.7186,0.8013,0.76,0.7257,0.8074,0.7666,0.018540745,8.0
182.jpg,0,4.58,2.0,5.9783,2.1857,0.786537164481887,0.759590673527093,0.863269623943198,0.198642137767138,0.118589476741971,64.75,170.41,151.95,136.73,0.473561032692167,1.24632487383895,1.11131426899729,6.58520028148539,0.0359,0.112500000000000,4.98,5.06,5.24489795918367,4.9375,0.9278,0.7871,0.8575,0.9725,0.968,0.9702,3.58343645,8.0
183.jpg,0,6.42,2.63,5.0455,2.6055,0.491440931911905,0.510411464585834,0.608764527627532,0.273098370788329,0.280915063819224,126.32,94.23,72.04,101.34,1.24649694099072,0.929840142095915,0.71087428458654,7.85532151224449,0.0708,0.088600000000000,5.66,7.04,5.6530612244898,6.0625,0.7813,0.7246,0.753,0.792,0.7496,0.7708,-0.992025564,9.0
184.jpg,0,6.19,2.12,6.2444,2.3077,0.587218462888761,0.503887667960586,0.369168834691025,0.311847587377003,0.300485796933719,49.53,77.83,128.45,74.98,0.660576153640971,1.03801013603628,1.71312349959989,7.22022162142151,0.0365,0.036400000000000,5.66,6.82,5.77551020408163,3.125,0.7689,0.78,0.7744,0.7554,0.7921,0.7738,2.80934652,9.0
185.jpg,0,4.3,2.19,6.6304,2.0694,0.517697018053696,0.441273691808012,1.04118818873832,0.236510179358453,0.154862181239551,60.13,82.48,104.82,78.3,0.76794380587484,1.05338441890166,1.33869731800766,6.93432341482436,0.022,0.096100000000000,5.62,6.9,6.02040816326531,4.45833333333333,0.8942,0.8476,0.8709,0.9206,0.901,0.9108,2.017212679,8.0
186.jpg,0,4.22,2.05,5.6364,2.4024,0.233751894426417,0.727525605228757,1.5021201177327,0.182910895503829,0.258283041752972,159.68,169.71,176.77,167.51,0.953256521998687,1.01313354426601,1.05528028177422,7.63782733943763,0.0317,0.029300000000000,5.02,5.16,4.57142857142857,5.125,0.9227,0.9079,0.9153,0.9335,0.9173,0.9254,0.832668972,6.0
187.jpg,0,4.33,1.9,4.3778,2.1877,0.147036664956494,0.458511465275765,0.348979356501571,0.07716839080657,0.201004811020425,116.63,113.52,99.37,112.84,1.03358738036157,1.00602623183268,0.88062743707905,7.48561202173284,0.0336,0.062600000000000,5.5,6.82,5.10204081632653,3.64583333333333,0.8958,0.8587,0.8773,0.8973,0.86,0.8786,0.297948211,2.0
188.jpg,0,4.02,2.42,6.1778,2.2892,0.396298385613065,0.523173862289101,1.64354886417984,0.226489972414038,0.166876182455266,117.07,97.93,100.68,103.97,1.125997884005,0.941906319130518,0.968356256612484,7.32794423495212,0.0212,0.144600000000000,5.72,7.42,5.85714285714286,6.58333333333333,0.8994,0.8829,0.8912,0.9231,0.9063,0.9147,-0.188739143,8.0
189.jpg,0,5.34,2.06,4.7111,2.2322,0.228575183200432,0.629782221521316,0.643884494951795,0.227668107142155,0.269237680758265,159.2,149.48,127.35,149.9,1.06204136090727,0.997198132088059,0.849566377585057,7.22822633236196,0.0243,0.053200000000000,4.44,5.16,3.63265306122449,5.02083333333333,0.8543,0.8296,0.8419,0.8715,0.8372,0.8544,0.120209367,6.0
190.jpg,0,4.19,2.37,4.2174,2.5726,0.212279881448964,0.503595083048511,0.416199931296266,0.150191482278597,0.213952186400459,128.26,117.45,103.3,119.08,1.0770910312395,0.986311723211287,0.86748404433994,7.61422850120427,0.0594,0.124800000000000,4.36,6.78,4.75510204081633,4.0,0.8808,0.8636,0.8722,0.8824,0.8655,0.8739,0.04412099,1.0
191.jpg,0,2.89,2.14,4.8667,2.6337,0.261454965505681,0.435768853695325,1.43082443596709,0.187438006956104,0.252939657350329,105.94,103.55,92.77,103.05,1.02804463852499,1.00485201358564,0.900242600679282,7.65636521843546,0.0273,0.071900000000000,4.52,6.28,4.71428571428571,4.60416666666667,0.765,0.7613,0.7631,0.773,0.7684,0.7707,0.337018931,4.0
192.jpg,0,4.39,2.07,6.3778,1.8127,0.680545333851395,0.403606245461147,0.577099185306631,0.333540155198828,0.245688176193631,50.7,80.71,101.43,74.04,0.684764991896272,1.09008643976229,1.36993517017828,7.27738117358285,0.0287,0.039500000000000,5.86,5.44,6.12244897959184,3.4375,0.888,0.6715,0.7797,0.8818,0.6506,0.7662,2.506396772,8.0
193.jpg,0,3.91,1.63,6.7955,1.7061,0.265261949147007,0.65350766915879,1.36667959345786,0.275050693511386,0.274034491021834,154.37,159.74,148.15,156.82,0.984376992730519,1.01862007397016,0.944713684479021,7.56454653045446,0.0366,0.023900000000000,6.0,5.14,5.61224489795918,3.58333333333333,0.8387,0.8134,0.8261,0.8344,0.8092,0.8218,0.605969537,9.0
194.jpg,0,2.77,2.04,4.5217,2.5275,0.37435153403682,0.573907770515613,1.34265536852514,0.258398474821214,0.203591547056875,135.71,117.84,109.11,122.22,1.11037473408607,0.964162984781541,0.89273441335297,7.56786452972433,0.0408,0.036600000000000,5.2,6.26,4.30612244897959,6.3125,0.8413,0.8162,0.8288,0.8526,0.827,0.8398,-0.13570165,4.0
195.jpg,0,4.25,2.68,4.8444,2.7392,0.141557044197523,0.765016431986664,0.720315285844392,0.107702375928996,0.161874222094329,194.37,172.94,173.71,179.44,1.08320329915292,0.963776192599198,0.968067320552831,7.33041306305963,0.0161,0.149000000000000,3.74,3.84,4.3469387755102,5.27083333333333,0.9546,0.9488,0.9517,0.9547,0.9488,0.9518,0.054558405,1.0
196.jpg,0,4.17,2.65,5.2889,2.7188,0.315221127907225,0.2385220383418,0.642590103756316,0.194004550066244,0.192511834194668,59.77,52.21,40.84,53.19,1.12370746380899,0.981575484113555,0.767813498777966,6.39902726872455,0.0274,0.071600000000000,6.7,7.8,6.44897959183673,5.16666666666667,0.7375,0.6193,0.6784,0.7493,0.6343,0.6918,-0.267146608,8.0
197.jpg,0,3.9,1.85,5.7778,2.6276,0.189407929123096,0.35972803637397,0.751373678270644,0.076157461247779,0.247919510978788,84.61,76.56,87.52,80.18,1.0552506859566,0.954851583936144,1.09154402594163,7.1057131200316,0.0102,0.088000000000000,6.38,5.7,6.12244897959184,3.25,0.803,0.7932,0.7981,0.8045,0.8007,0.8026,0.273053459,4.0
198.jpg,0,4.24,2.12,5.4667,2.2923,0.230432264962066,0.461910086118814,1.1209648189285,0.091986924315756,0.230451335057577,92.94,92.72,115.9,95.39,0.974315966034175,0.972009644616836,1.21501205577105,7.00463015774355,0.0178,0.077100000000000,5.5,4.8,5.22448979591837,2.95833333333333,0.9658,0.8261,0.896,0.9638,0.8471,0.9054,0.787368785,9.0
199.jpg,0,4.27,2.14,5.7391,2.0595,0.243750451796905,0.855037434790428,0.860963095595644,0.249799075773301,0.178314501729583,205.16,176.94,187.48,186.58,1.09958194876193,0.948333154678958,1.00482366813163,7.06464054481615,0.0448,0.033000000000000,5.08,5.2,5.06122448979592,5.91666666666667,0.9126,0.9064,0.9095,0.924,0.9156,0.9198,-0.022073602,1.0
200.jpg,0,4.79,1.93,5.8696,2.3908,0.147576341924203,0.255190566747247,1.88489119787658,0.09033778625138,0.156221295919053,58.62,61.53,62.83,60.78,0.964461994076999,1.01233958538993,1.03372820006581,6.66199680560896,0.0632,0.025700000000000,5.02,6.4,4.75510204081633,3.75,0.8515,0.8501,0.8508,0.8533,0.8512,0.8522,0.763780583,8.0
201.jpg,0,3.62,2.31,4.3043,2.3932,0.276608763035469,0.42752564421539,0.901957834235427,0.169793123909468,0.185435269998042,105.86,98.12,81.48,98.56,1.07406655844156,0.995535714285714,0.826704545454546,7.46572664217493,0.0497,0.080900000000000,4.2,7.06,4.81632653061224,5.14583333333333,0.8422,0.8459,0.844,0.8524,0.8572,0.8548,0.041851442,9.0
202.jpg,0,3.51,2.11,5.1778,1.9919,0.221275047624212,0.756613414870898,0.657774789163401,0.159202459981344,0.136358743307823,180.03,183.23,152.2,178.77,1.00704816244336,1.02494825753762,0.851373272920512,7.02592242590215,0.0524,0.086100000000000,5.0,6.96,4.57142857142857,5.22916666666667,0.9534,0.9572,0.9553,0.9632,0.9668,0.965,0.434238373,5.0
203.jpg,0,4.71,2.47,4.0222,2.7177,0.414464930825197,0.425633219567691,0.608905665815161,0.291614413266823,0.239751087595694,107.19,83.98,70.7,89.43,1.19859107681986,0.939058481493906,0.790562451079056,7.66157644043463,0.0656,0.105400000000000,4.3,7.16,4.57142857142857,5.35416666666667,0.712,0.708,0.71,0.7289,0.7248,0.7269,-0.682603308,1.0
204.jpg,0,3.53,2.23,5.3913,2.1341,0.496614174529838,0.48309698535745,0.909998002347865,0.238795772301077,0.209564116646378,77.65,80.9,114.32,83.68,0.927939770554493,0.966778202676864,1.36615678776291,7.45431784130242,0.0505,0.104500000000000,4.38,6.78,4.75510204081633,4.14583333333333,0.7587,0.7757,0.7672,0.7347,0.7638,0.7493,1.120961957,5.0
205.jpg,0,3.47,2.01,5.6,2.3587,0.692906525181677,0.754302610768064,0.564333993032317,0.342646185874062,0.262136722341125,72.15,120.8,186.83,113.48,0.635794853718717,1.06450475854776,1.64636940430032,7.70501178754213,0.0215,0.051400000000000,4.52,4.78,4.36734693877551,3.83333333333333,0.8833,0.7937,0.8385,0.8798,0.8042,0.842,2.926149174,8.0
206.jpg,0,5.06,2.67,5.0435,2.7565,0.46401583780421,0.526556510508395,1.27920555394788,0.276290039784503,0.217858416704123,122.21,107.8,85.61,109.64,1.1146479387085,0.98321780372127,0.78082816490332,7.73305556087838,0.0584,0.062300000000000,5.7,7.9,5.81632653061224,6.22916666666667,0.7603,0.776,0.7681,0.7966,0.8142,0.8054,-0.212539808,6.0
207.jpg,0,3.14,2.1,3.9556,2.8441,0.528269684803394,0.493974029611845,0.744560038277381,0.27968098500065,0.259625129861492,117.21,103.46,65.22,103.31,1.13454651050237,1.00145194076082,0.631303842803214,7.13034425019487,0.0393,0.025400000000000,5.84,6.9,4.6734693877551,6.02083333333333,0.7285,0.6693,0.6989,0.7765,0.7268,0.7517,-0.395878767,2.0
208.jpg,0,3.25,2.27,4.5778,2.3788,0.450446710087074,0.611011745482507,0.36807647036702,0.233684079215167,0.268823317050867,155.54,126.8,94.3,131.75,1.18056925996205,0.962428842504744,0.715749525616698,7.13725984922887,0.0314,0.035200000000000,5.04,6.66,4.77551020408163,5.9375,0.8808,0.8668,0.8738,0.8888,0.8749,0.8819,-0.615275092,1.0
209.jpg,0,3.6,1.78,4.6304,2.3129,0.49439783147517,0.648669560074608,1.56150275793107,0.310425318572345,0.266655692200009,136.63,111.99,119.93,120.24,1.13631071190951,0.931387225548902,0.997421823020626,7.52032511865923,0.0332,0.064700000000000,4.02,4.62,3.89795918367347,5.4375,0.8067,0.7037,0.7552,0.8325,0.7484,0.7904,-0.232242545,4.0
210.jpg,0,4.62,2.43,5.2045,2.6111,0.154017207298752,0.46909261555522,1.04262998382332,0.108820155493381,0.215488288739093,117.46,111.46,103.36,112.34,1.04557593021186,0.992166636994837,0.92006409115186,7.64363318713477,0.0318,0.085900000000000,5.72,7.82,5.46938775510204,3.97916666666667,0.8643,0.8809,0.8726,0.864,0.8816,0.8728,0.246672264,6.0
211.jpg,0,4.24,2.1,4.2609,2.565,0.505767644414744,0.49491589786994,0.364722845366703,0.18089770954821,0.274381888985162,125.76,108.36,62.26,108.43,1.15982661625012,0.999354422207876,0.574195333394817,7.54626099284183,0.0515,0.050100000000000,5.14,6.4,5.3265306122449,5.27083333333333,0.784,0.7865,0.7853,0.7869,0.79,0.7885,-0.56676861,1.0
212.jpg,0,4.63,1.8,4.1739,2.6858,0.504051636333234,0.533419427771108,0.75382944509984,0.185908173227957,0.163851560675787,80.65,90.29,122.38,91.03,0.885971657695265,0.991870811820279,1.34439195869494,6.07389001175971,0.0348,0.050400000000000,4.92,4.58,3.87755102040816,4.375,0.8673,0.8474,0.8574,0.8948,0.8911,0.8929,1.346894027,1.0
213.jpg,0,4.42,2.31,5.4348,2.2475,0.314297111394525,0.320116828818042,1.75447664288014,0.147407287388722,0.198024229845633,74.0,69.53,58.69,69.67,1.06215013635711,0.997990526769054,0.842399885172958,6.8352741126658,0.0362,0.080800000000000,4.86,4.66,5.22448979591837,4.47916666666667,0.909,0.7723,0.8407,0.9133,0.7876,0.8505,0.11315707,1.0
214.jpg,0,4.33,1.88,4.1111,2.4423,0.343129584822001,0.415632933653078,0.422341696233496,0.232456327175729,0.182742431518097,104.8,78.17,67.83,84.97,1.23337648581852,0.919971754736966,0.798281746498764,6.87878125360045,0.047,0.077100000000000,4.34,5.9,4.30612244897959,5.64583333333333,0.8343,0.8291,0.8317,0.8679,0.8594,0.8636,-0.876192627,1.0
215.jpg,0,4.98,2.14,5.3043,2.2693,0.379295336290631,0.32314639442554,1.15029515399423,0.25070975047588,0.219755227881935,65.45,64.54,72.55,66.71,0.981112277019937,0.967471143756558,1.08754309698696,7.11709374027798,0.0416,0.045700000000000,4.7,6.5,4.83673469387755,4.6875,0.6905,0.669,0.6797,0.7092,0.6798,0.6945,0.537415864,6.0
216.jpg,0,4.53,2.11,5.3043,2.0316,0.058796593375497,0.853037993517189,2.31763956306224,0.094504533124793,0.154749400584134,212.16,212.4,212.19,212.3,0.99934055581724,1.00047103155911,0.999481865284974,6.80593523206686,0.0186,0.094700000000000,4.83673469387755,6.72,5.16326530612245,4.14583333333333,0.974,0.9741,0.9741,0.9745,0.9747,0.9746,0.545783443,1.0
217.jpg,0,4.41,1.96,5.7609,2.1621,0.207412745328345,0.422893535930996,2.00903767088444,0.139530334209324,0.143627825629919,95.08,97.51,100.15,97.09,0.979297558965908,1.00432588320115,1.03151714903698,7.16454021291404,0.0267,0.043000000000000,5.68,6.86,5.61224489795918,4.41666666666667,0.9013,0.9012,0.9012,0.9055,0.904,0.9047,0.673131721,9.0
218.jpg,0,3.81,1.92,4.6222,2.3769,0.141243443949287,0.574205508072174,0.627922821365444,0.122373381751181,0.237800373849914,143.61,142.0,130.1,141.15,1.01742826780021,1.00602196245129,0.921714488133192,7.57598480172248,0.0206,0.084200000000000,4.12,6.44,4.87755102040816,4.125,0.93,0.8925,0.9112,0.9329,0.9008,0.9168,0.406482379,5.0
219.jpg,0,4.73,1.91,6.6522,1.9801,0.510755280994433,0.268481039013544,0.687233408324452,0.270683873973473,0.201599992990698,40.73,51.13,66.73,49.78,0.818200080353556,1.02711932503013,1.340498192045,6.98771311078257,0.0268,0.067800000000000,6.34,6.6,5.73469387755102,3.3125,0.5717,0.484,0.5279,0.5672,0.4691,0.5182,1.730352989,7.0
220.jpg,0,4.8,1.53,7.0,2.0686,0.294686354954911,0.55107201426025,1.56956853125404,0.297578655473309,0.286566686024008,112.7,130.13,136.72,125.65,0.896935933147632,1.03565459610028,1.08810187027457,7.58678029620301,0.0486,0.068000000000000,5.02,5.98,5.87755102040816,2.89583333333333,0.9089,0.7339,0.8214,0.9125,0.7446,0.8285,1.168681632,8.0
221.jpg,0,3.2,2.11,4.8667,2.1063,0.304307228877387,0.589921488390752,1.43181440308349,0.287912842572243,0.325877607849623,146.5,132.91,100.8,133.46,1.09770717818073,0.995878915030721,0.75528248164244,7.49244848254531,0.0318,0.070400000000000,4.4,5.44,4.06122448979592,5.25,0.8335,0.8412,0.8373,0.8647,0.872,0.8684,-0.133092113,2.0
222.jpg,0,5.67,1.72,6.186,2.174,0.66114841057809,0.783822424439388,0.716893496086484,0.157266590001656,0.100733389231672,135.94,198.72,91.02,168.04,0.808974053796715,1.18257557724351,0.54165674839324,6.91129437476477,0.0209,0.087800000000000,4.6,4.68,5.22448979591837,5.83333333333333,0.9038,0.9254,0.9146,0.9824,0.977,0.9797,1.402934106,8.0
223.jpg,0,3.38,2.03,6.2889,2.3896,0.216286730295535,0.695641230257688,1.39379909729789,0.234014146346469,0.244755634797292,172.79,152.99,151.02,158.7,1.0887838689351,0.964020163831128,0.951606805293006,7.11542432429084,0.0198,0.068200000000000,6.34,6.18,5.69387755102041,5.6875,0.9188,0.8836,0.9012,0.9235,0.8985,0.911,0.01488022,9.0
224.jpg,0,3.85,2.08,6.1333,2.4918,0.188171367026877,0.833358635640988,1.13577307209887,0.239326088419384,0.08146532349557,207.39,188.94,189.27,194.53,1.06610805531281,0.971264072379582,0.97296046882229,6.29799996373513,0.0217,0.088200000000000,5.12,5.04,5.24489795918367,5.72916666666667,0.9641,0.9672,0.9657,0.9761,0.9795,0.9778,0.152312125,8.0
225.jpg,0,4.2,1.87,4.4565,2.3731,0.1452931100944,0.283068764830774,1.02312957089573,0.227310877023816,0.370247982600348,70.39,70.63,67.27,70.18,1.00299230550014,1.00641208321459,0.958535195212311,6.21989151228739,0.0301,0.016200000000000,5.0,4.78,4.24489795918367,3.625,0.4517,0.4162,0.4339,0.4511,0.4167,0.4339,0.505989717,6.0
226.jpg,0,3.23,2.14,5.0444,2.5402,0.292458479219915,0.552581762970675,1.13938926354655,0.277013836492752,0.278996892303326,130.7,122.81,116.09,124.41,1.05055863676553,0.987139297484125,0.93312434691745,7.87902490857695,0.0405,0.028400000000000,4.6,7.14,4.77551020408163,5.125,0.7495,0.7743,0.7619,0.7625,0.7845,0.7735,0.22440357,5.0
227.jpg,0,4.23,1.93,5.6957,2.1794,0.193036619955492,0.636258045523839,0.663041998695714,0.120469145364406,0.142917225942286,135.36,140.93,161.1,141.55,0.956269869304133,0.995619922288944,1.13811374072766,7.22428415032203,0.0328,0.076400000000000,5.64,5.36,5.42857142857143,3.5,0.9539,0.9549,0.9544,0.9528,0.9552,0.954,0.852848032,9.0
228.jpg,0,4.38,1.86,7.0889,1.6763,0.639349330048657,0.693089588235294,0.214610557459263,0.310183029942428,0.18442548668984,72.95,133.55,176.73,120.22,0.606804192314091,1.11088005323573,1.47005489935119,7.52016651421255,0.022,0.049400000000000,5.82,5.6,5.40816326530612,3.25,0.8762,0.8925,0.8843,0.8588,0.8799,0.8694,2.997160811,9.0
229.jpg,0,4.22,2.24,5.3478,2.2531,0.294076505520829,0.646605150717003,2.10378420412868,0.222496703083355,0.173786772271227,157.32,144.07,130.03,146.49,1.07392996108949,0.983480101030787,0.887637381391221,7.22422790287554,0.0171,0.004300000000000,3.8,4.32,4.53061224489796,5.64583333333333,0.8992,0.8981,0.8987,0.916,0.9087,0.9123,0.067850572,6.0
230.jpg,0,3.61,2.0,4.9556,2.0775,0.378438689722718,0.734359727437074,0.285279215263109,0.142102743186498,0.170552185596849,186.39,175.83,116.28,172.34,1.08152489265406,1.0202506672856,0.674712777068585,6.71686284655036,0.0323,0.072400000000000,4.12,5.7,4.10204081632653,5.83333333333333,0.9441,0.9429,0.9435,0.9499,0.9492,0.9495,-0.073852755,5.0
231.jpg,0,3.49,2.09,4.3778,2.3577,0.148952339700763,0.650817883231724,1.45428681992176,0.177384512026778,0.368487840373011,159.71,159.24,163.65,159.9,0.998811757348343,0.995872420262664,1.0234521575985,6.54619910467313,0.0245,0.038600000000000,4.72,4.78,4.04081632653061,4.5,0.782,0.742,0.762,0.7836,0.7448,0.7642,0.558124536,7.0
232.jpg,0,4.53,2.01,4.2,2.4365,0.464289895447804,0.530827782655349,0.418604259808854,0.312565776883139,0.343672090045741,135.34,95.34,75.65,105.09,1.28784851080027,0.907222380816443,0.719859168331906,6.22856717768441,0.0202,0.011600000000000,3.74,3.68,4.16326530612245,6.02083333333333,0.8285,0.687,0.7578,0.8326,0.677,0.7548,-1.222034382,6.0
233.jpg,0,5.04,2.06,5.1778,2.4148,0.885827257586249,0.593735008802282,0.192850718224696,0.142402475670222,0.162920241525628,18.55,99.04,151.31,80.73,0.229778273256534,1.22680540071844,1.87427226557661,7.06778008526987,0.024,0.080500000000000,4.14,5.6,4.69387755102041,2.8125,0.9125,0.9108,0.9117,0.8827,0.8876,0.8852,5.334152344,9.0
234.jpg,0,5.57,2.04,5.4444,2.2719,0.485641755297678,0.643579538638985,0.672684354481973,0.216674397928175,0.167355014065075,160.32,114.27,96.52,126.06,1.27177534507377,0.906473108043789,0.765667142630493,7.55170608168687,0.0455,0.017300000000000,4.16,5.18,3.87755102040816,6.3125,0.9095,0.8689,0.8892,0.9188,0.8798,0.8993,-1.110606486,1.0
235.jpg,0,2.84,1.9,4.2444,2.1337,0.498579521643785,0.719160297018215,0.914850164752157,0.303439476409329,0.180512640977384,174.24,127.64,111.14,139.78,1.24653026184003,0.913149234511375,0.795106596079554,7.81555437635266,0.0303,0.084200000000000,3.58,4.5,3.48979591836735,5.89583333333333,0.876,0.8565,0.8663,0.8917,0.8812,0.8864,-0.956822313,1.0
236.jpg,0,4.73,2.07,4.3409,2.1775,0.443606875603373,0.784357462985193,0.470289580055529,0.247787330584648,0.130442863843969,199.28,169.63,108.64,171.76,1.16022356776898,0.987598975314392,0.632510479739171,6.9143632788297,0.0767,#NULL!,3.96,4.06,3.44897959183673,6.64583333333333,0.9578,0.9494,0.9536,0.9786,0.9699,0.9743,-0.544580807,8.0
237.jpg,0,5.75,2.59,4.4783,2.1678,0.104359390089884,0.696709386733416,1.73199153796128,0.098702070860438,0.16628269771357,172.18,169.92,166.82,170.26,1.01127687066839,0.998003054152473,0.979795606719135,7.38029911035031,0.0262,0.105100000000000,3.78,5.54,3.85714285714286,4.5625,0.9504,0.9424,0.9464,0.9546,0.9434,0.949,0.467932788,4.0
238.jpg,0,3.77,2.5,4.9111,2.5029,0.156735778647787,0.60716120826709,0.482239564961572,0.152704843008142,0.341266869147058,142.79,149.33,154.36,147.95,0.965123352483947,1.00932747549848,1.04332544778641,7.25790804162687,0.0194,0.068900000000000,4.28,4.52,4.85714285714286,3.375,0.8571,0.8378,0.8474,0.8559,0.8361,0.846,0.759403144,3.0
239.jpg,0,5.02,2.47,4.6222,2.4706,0.108007918240942,0.80808487966615,0.334742659384219,0.055196576623863,0.09358366297438,206.05,196.16,184.96,197.87,1.04134027391722,0.991357962298479,0.934755142265124,6.11845946857387,0.0196,0.081900000000000,4.9,3.74,4.83673469387755,4.04255319148936,0.9917,0.9907,0.9912,0.9921,0.9918,0.992,0.276581154,1.0
240.jpg,0,4.85,2.36,5.6889,2.3435,0.189658364993245,0.551020543068175,1.46034589496183,0.223434644536319,0.182360123682132,134.2,121.51,126.14,125.83,1.06651831836605,0.965667964714297,1.00246364142096,7.4771218546448,0.0244,0.087900000000000,5.14,6.52,5.89795918367347,4.9375,0.8831,0.8751,0.8791,0.892,0.8805,0.8862,0.165092571,8.0
