representation,objective,N,pair_accuracy_mean,pair_accuracy_std,mae_mean,mae_std,r2_mean,r2_std,pearson_mean,pearson_std,spearman_mean,spearman_std,kendall_mean,kendall_std
clip-vit-b32,bradley_terry,1,0.6600126518218623,0.051429141285166236,0.6758795186877251,0.08940372206338147,0.0605088244516358,0.1787200854467402,0.4726686334284473,0.11504257155340074,0.45663594889055537,0.12315884046764324,0.3192690038517023,0.09155533543495555
clip-vit-b32,bradley_terry,2,0.6702783400809716,0.044165728392151854,0.6577693596482277,0.0989818111741174,0.09806415012126232,0.1797501304973098,0.5085979555931914,0.10502836249941185,0.49210303965922986,0.10537368898032606,0.34751129762301664,0.07659888195114972
clip-vit-b32,bradley_terry,3,0.6859050269905533,0.03881569068091196,0.6532063469290733,0.07839736836738417,0.1202777489086672,0.1856517580846422,0.5290351011350886,0.09116383629534466,0.5205538105428693,0.0922169009354139,0.3661702790458178,0.068556259110337
clip-vit-b32,bradley_terry,4,0.6890106275303645,0.031395728305487196,0.6505326628684998,0.07733679171203972,0.12822042652847013,0.16946540349241887,0.5486532516614855,0.0784355009084526,0.5266136915177408,0.08773807691116377,0.3740641434593534,0.06666562735260029
clip-vit-b32,bradley_terry,5,0.6908316464237517,0.032839089633062236,0.6382718317210674,0.07646533257680825,0.1554351139859473,0.18604699866406565,0.5412172955389988,0.08417257848129892,0.5261472094105689,0.08476335578395668,0.3730809732120477,0.06404544453859362
clip-vit-b32,bradley_terry,6,0.6934859986504723,0.03388574208368275,0.6309643879532814,0.08049195071854157,0.17452088122488024,0.14930538443939287,0.5545687512869619,0.08290114588303549,0.5420798343218097,0.08606562983423607,0.38808145951199396,0.06480141366529907
clip-vit-b32,bradley_terry,7,0.6942729419703104,0.03764294268049016,0.6249300867319107,0.07482607181662143,0.18004501086928754,0.17945193479906135,0.5627843882623665,0.09242434564467353,0.5478825744094251,0.09407615727620003,0.3904803712170676,0.07199693354601427
clip-vit-b32,bradley_terry,8,0.695748987854251,0.03319010411304694,0.6296779230237007,0.080535945497267,0.16270617872406523,0.1732893176483506,0.5648330485479462,0.08246592937463368,0.5519312430876124,0.08392573411931659,0.39374228366477837,0.06436478156529703
clip-vit-b32,bradley_terry,9,0.6946364709851551,0.0334600864283745,0.62254019677639,0.07216433881161939,0.1946027865889174,0.14875248778888356,0.5587286534474571,0.08125633115931914,0.5467866512591721,0.08390643358267638,0.3911497751063202,0.06278668614598311
clip-vit-b32,bradley_terry,10,0.6992383603238866,0.03685789824678723,0.6158712014555932,0.07887478981623258,0.19888180655350896,0.18464473237993412,0.5699665362715297,0.09244764639922601,0.5520094422800972,0.09057496005729695,0.39540445700577126,0.070921761970185
clip-vit-b32,hinge,1,0.6593539136302294,0.04531886119121851,0.6774905472993851,0.08755616540222656,0.058786512075960584,0.18473319711794933,0.47224615097992456,0.10394457985547952,0.4586115429216998,0.10868504436125594,0.32071784940335946,0.07978500230204438
clip-vit-b32,hinge,2,0.6703264170040486,0.04712416725022098,0.6666902855038643,0.10792754336224626,0.07250503107442127,0.1996913093031139,0.5031836468105638,0.10746831336649341,0.4864031577461098,0.10686504643406215,0.3434167662790629,0.0799385081339656
clip-vit-b32,hinge,3,0.6864372469635628,0.040832609443618786,0.6413331732153893,0.07516028012189034,0.1390290893306262,0.19025845688951196,0.534642192486993,0.09224749823641624,0.5226639965126184,0.09288488521080335,0.36887912249563265,0.07164141613817843
clip-vit-b32,hinge,4,0.6895529689608637,0.03204371993415773,0.6517011612653733,0.08249827152392318,0.12444860472359978,0.1912018880526627,0.5473084047531671,0.07491224696972194,0.5222531771792833,0.08451893906349865,0.37001558453301286,0.06287268448937881
clip-vit-b32,hinge,5,0.691354588394062,0.03251416025719263,0.6348333701491355,0.06981854660624416,0.1551169020875393,0.20561060949687238,0.5464800786856578,0.08298030713869164,0.5269939322225425,0.08452288266509243,0.373504397042491,0.062358998894275736
clip-vit-b32,hinge,6,0.6952648448043185,0.03877079393258663,0.6401742085814476,0.10022924868926804,0.14982057572360818,0.2017416768388338,0.5595216343104255,0.0869495791348011,0.5469660737915734,0.09029602680561621,0.39326008076708896,0.07197595778821304
clip-vit-b32,hinge,7,0.694355600539811,0.03740310732635808,0.6269328646361828,0.07330457319711751,0.18056174102601324,0.16915326765152405,0.5614076358716489,0.08874385232923981,0.5491238210275442,0.08769802844467028,0.39099355171614947,0.06764451254657354
clip-vit-b32,hinge,8,0.7010754048582996,0.037221065721858036,0.6225408904254437,0.07796870729025626,0.18254212142025836,0.18745402894205151,0.5723178769387488,0.08639452361940349,0.5611012384811411,0.0917740098510614,0.4005085140567126,0.0704465729902123
clip-vit-b32,hinge,9,0.6988284412955466,0.034197563831429696,0.6151363529264927,0.07105719625153789,0.2012639289990304,0.16746647304459977,0.5714036999716967,0.0854493428743074,0.5599388360229349,0.08895946072765595,0.4004742605169523,0.06704075292224498
clip-vit-b32,hinge,10,0.7038469973009447,0.0373188483862922,0.6219800546765327,0.0829535173706365,0.1841946671547236,0.2014561522472354,0.5710007788411275,0.0891126211203092,0.5610705648317578,0.09181015611478291,0.400887633013434,0.07287662706900025
resnet50,bradley_terry,1,0.5912499999999999,0.0441775039745676,0.7313384413719177,0.10607036252579302,-0.06258403439747343,0.16501607583846362,0.2708453501490894,0.11493491693525963,0.260393126588604,0.11304675186515668,0.17785825507818295,0.0794492723498341
resnet50,bradley_terry,2,0.616808367071525,0.04291502954006749,0.725558078289032,0.12132826658300282,-0.06121983442719907,0.2828861661825825,0.3532710128127021,0.08768912442073279,0.33861981369825117,0.10095323813766334,0.23377210431116396,0.07061089368040627
resnet50,bradley_terry,3,0.6160846828609986,0.03720357822288843,0.7140334770083427,0.10030100844543938,-0.044812897554119366,0.21079108842877167,0.34215982410853196,0.10127840391906265,0.328161624887256,0.1049411782282935,0.2260749275671144,0.07386187257318189
resnet50,bradley_terry,4,0.6177952091767882,0.03825093284253073,0.7142791390419007,0.10426324749851082,-0.041775183957936356,0.18846696483742384,0.3517557416337183,0.09940252351896427,0.3367620149928594,0.10042624776222257,0.23149559107304993,0.07139025680099802
resnet50,bradley_terry,5,0.6217569163292848,0.03981991843966674,0.7036353692412376,0.09117950116654581,0.0009008652917913878,0.15815963431309413,0.3616910645971955,0.09982035669072327,0.3456244195000804,0.10586368266204742,0.23844344036921944,0.07621046114769425
resnet50,bradley_terry,6,0.629074730094467,0.040197099038225825,0.7013820350170136,0.0966213148814958,-0.010023014255102141,0.1715889563065497,0.37330523073487143,0.10218820299644911,0.36037068519887466,0.11164947536753321,0.2502932516957139,0.08085852872278972
resnet50,bradley_terry,7,0.6198001012145749,0.04078880156768651,0.699202510714531,0.09069441325281528,0.006314283717457281,0.14283013851668686,0.3751876657852605,0.09645163947016923,0.3591491433784504,0.10269925872501476,0.25087059109936866,0.07334360202520361
resnet50,bradley_terry,8,0.6267096828609986,0.04329051127949022,0.6907787546515465,0.08291534831413487,0.021820807567708902,0.1321427050847228,0.3756014741209767,0.09353057573192632,0.3583782280601208,0.09990613952440794,0.24815379829829318,0.0721394762760552
resnet50,bradley_terry,9,0.6295774291497975,0.036125743052862466,0.6980921149253845,0.08614067125163458,0.007875754791742557,0.16573890463182472,0.38257073633922617,0.08994265728830876,0.36585344384365037,0.09295455079995264,0.2544537475089129,0.06593577608936022
resnet50,bradley_terry,10,0.6349418016194333,0.03748803911440458,0.6900548562407494,0.08449786941588301,0.02661026970785072,0.133112492116175,0.3932255178693178,0.09599330009109307,0.3855755030797752,0.09679370832005105,0.2674612635950938,0.06948210749944612
resnet50,hinge,1,0.5937887989203778,0.04161771792230317,0.7346140637993812,0.11435027900906745,-0.0803294428150538,0.277885781573489,0.2826815391421426,0.11765076053376891,0.2678438232099619,0.10777716138039742,0.18243776650049887,0.07541724446389916
resnet50,hinge,2,0.6132928475033739,0.04643194409377316,0.7319812491536141,0.12851192805979653,-0.08960355188734027,0.2860468231020892,0.3430552620052793,0.0955327165566103,0.33168801038060425,0.11297499012813444,0.22999171790022235,0.08084656106764238
resnet50,hinge,3,0.6237019230769231,0.03447597493978342,0.7202157154679298,0.10241038751710593,-0.0582718098270192,0.20662183837569295,0.3576881864389563,0.09750790603072608,0.3524863956025303,0.10027862658923943,0.24221799400962726,0.0697710004942582
resnet50,hinge,4,0.6210484143049932,0.0343130939366398,0.7111976474523545,0.09307434149486186,-0.02966118204859196,0.14267406491845042,0.3596949893840825,0.09078921007832719,0.3413939972490144,0.08798850456413458,0.23790616491094005,0.06373909648094266
resnet50,hinge,5,0.6250320512820513,0.04047807083767753,0.7000855818390846,0.09296108314808485,0.005765839077383953,0.159080167044304,0.37825648980521864,0.1106590199707502,0.35784629429943426,0.11201399328275413,0.2485512946637209,0.07987540075992916
resnet50,hinge,6,0.6260846828609987,0.03884476335661354,0.7033556073904037,0.09387632374820463,-0.014073232789632873,0.1569359325700898,0.36793159564315375,0.08884835780002236,0.3542167140835909,0.10882705562743762,0.24579429797840718,0.07840463182210049
resnet50,hinge,7,0.6157203103913631,0.04347390032925907,0.7117192804813385,0.09605012646113006,-0.032181717690819,0.18652257704077016,0.3646143985818898,0.1006115143724817,0.3517304224068677,0.1110286494151465,0.24284711356350872,0.08066649043418764
resnet50,hinge,8,0.6245951417004049,0.03929718483470648,0.7061472088098526,0.09537486342166945,-0.028776406780868864,0.18339011330450455,0.37374698885701035,0.09089297779538415,0.3560993777143861,0.09789278284073855,0.2472424710229742,0.07019636196384295
resnet50,hinge,9,0.6358577935222672,0.03235944245756511,0.6917040169239044,0.09580336797671278,0.009914702398030776,0.19382078173702125,0.39795864553774857,0.0832055911408352,0.3844112157664791,0.08857384429220042,0.26669327084733846,0.06470225653493905
resnet50,hinge,10,0.6357279014844804,0.0378687306437943,0.697423592209816,0.09304263555102159,0.0020323707827154254,0.14061078357276954,0.38487144006298996,0.0868665235536635,0.37732087372639084,0.08769287825922481,0.262191135314888,0.06539925610487818
